id,seq,len,rbs_start,rbs_end,extra_pairs,pGC,loop_len,closed_low,open_midhi,open_high,slope70,T50,slope_max,reentrant_pen,score,curve
0,UAUAUAAAUAGCAGGAGGCGGGCUAGACUUUUUGCAUGAUUUAUUUUU,48,12,18,2,0.45,9,0.8596157776989278,0.7525038204593618,0.8324433033474065,0.04507913492016585,68.46329367379889,0.04999124592358156,0.0,5.405724511477715,0.022499;0.031226;0.044523;0.064879;0.095672;0.140763;0.203250;0.283419;0.377227;0.477209;0.575594;0.665752;0.739715;0.789291;0.815257;0.827038;0.833019;0.837273
1,UAUUAUAUUAGCAGGAGGGCGCAAACUUUUUGCAUGAUAAAAUUAU,46,12,18,2,0.471,7,0.8996219104128363,0.7301416833804749,0.8566363183196634,0.0551764862422951,70.04940393085789,0.05561309249059834,0.0,5.495329293415773,0.018683;0.024319;0.032622;0.045191;0.064492;0.094041;0.138205;0.201147;0.284702;0.386048;0.497274;0.607627;0.705738;0.780615;0.826587;0.848954;0.858383;0.862572
2,AUAUUAAAUAGCAGGAGGGCUACAAUUCUUUUUGCAUGAAUUUAAUAA,48,12,18,2,0.471,9,0.9271890090751358,0.604098601074988,0.8113961743370989,0.053202928119516574,73.07723596460163,0.06188125313329723,0.0,5.0965797953589504,0.018125;0.023459;0.030722;0.040687;0.054407;0.073286;0.099127;0.134191;0.181295;0.244045;0.326933;0.433339;0.557102;0.672992;0.752961;0.794870;0.814454;0.824864
3,AUUUAAAUAAGACAGGAGGACGGGGUGACUUUUUGUCAUGAAAAUAAUAA,50,13,19,3,0.493,9,0.7957485921755995,0.7320192938378246,0.8867355083466187,0.03555424364249504,68.38745486828809,0.036067963120786806,0.0,5.2598753029545815,0.060739;0.080211;0.105576;0.138000;0.178430;0.227295;0.284210;0.347824;0.415977;0.486287;0.557073;0.628181;0.700317;0.770625;0.828953;0.867480;0.889720;0.903006
4,UUAUAAUUAAGGCAGGAGGGCCUAGGACUUUUUGCCAUGUAUUAUUUAA,49,13,19,3,0.457,8,0.9458658235492027,0.5918608230188891,0.8098895799198219,0.05566230889537893,73.4609164963041,0.0678248526302965,0.0,5.104797721616321,0.012490;0.016018;0.020889;0.027749;0.037572;0.051805;0.072523;0.102564;0.145597;0.206142;0.289589;0.400914;0.536563;0.669338;0.760629;0.802302;0.813795;0.813572
5,UAAAUUAAUAGCAGGAGGCGCAGAACUUUCUGCAUGUAAAAUUAAU,46,12,18,2,0.532,7,0.7413781784780541,0.7310581931990277,0.8551743120544444,0.02712626751929509,66.52865975277464,0.03178329249619638,0.0,5.067197474712039,0.084069;0.111078;0.145596;0.188239;0.238824;0.296133;0.357961;0.421528;0.484168;0.544062;0.600725;0.654978;0.707908;0.758593;0.802754;0.835959;0.857912;0.871652
6,UAAAAAAUUAGCAGGAGGUCGCAGAGCUUUUUGCAUGAAUAUUAUUU,47,12,18,2,0.45,8,0.8947128110703577,0.7250601206036684,0.8501842387668889,0.057053957846219194,70.30095539223085,0.057053957846219194,0.0,5.468098173486931,0.021539;0.028150;0.037771;0.051913;0.072716;0.102996;0.146037;0.204939;0.281522;0.375263;0.482829;0.596937;0.702435;0.779239;0.821629;0.841578;0.851492;0.857482
7,AUAAUUAAAAGCAGGAGGCACGGAGAGCUUUUUGCAUGAAUAAUUUAA,48,12,18,2,0.58,9,0.9700723162430465,0.5265724228554105,0.8517127974272883,0.051960375035186065,74.64903083619569,0.09290052066437143,0.0,5.0052725973340015,0.009122;0.011148;0.013764;0.017225;0.021941;0.028588;0.038308;0.053052;0.076201;0.113682;0.175939;0.279860;0.439705;0.625506;0.761219;0.827343;0.856260;0.871535
8,AAUAUUAUAAGCAGGAGGAUGAAGUGCUUUUUGCAUGUUAAUUAAAU,47,12,18,2,0.45,8,0.7881507068421761,0.7169977117670565,0.8491943663926818,0.028516003747046326,67.40427848939719,0.037011744668671714,0.0,5.115150113562729,0.053818;0.072694;0.098750;0.133934;0.179828;0.236883;0.303650;0.376531;0.450555;0.520976;0.584868;0.641900;0.693963;0.743266;0.788862;0.826019;0.852119;0.869445
9,UAUAUAUUAAGCAGGAGGUAAAGUACACUUUUUGCAUGUAAAAAUUAA,48,12,18,2,0.478,9,0.9238303678338375,0.6162700088569336,0.8391690558139165,0.04955036920342554,72.75232278855799,0.05416959233876226,0.0,5.153425822773054,0.016230;0.021379;0.028594;0.038832;0.053486;0.074497;0.104393;0.146054;0.202062;0.273676;0.360146;0.459247;0.567586;0.675547;0.762699;0.816012;0.843488;0.858008
10,AUUUUAUUUAGACAGGAGGGCUUUGACUUUUUGUCAUGUUAUUUAAAA,48,13,19,3,0.453,7,0.9093495282119849,0.6298653842151735,0.7589485297642801,0.05181274076749029,71.83568159583173,0.05181274076749029,0.0,5.053968966785871,0.021825;0.028112;0.036783;0.048880;0.065891;0.089860;0.123428;0.169654;0.231421;0.310293;0.404888;0.508514;0.606471;0.680377;0.724100;0.747072;0.760278;0.769495
11,AAAUAAAAAAGCAGGAGGAAACGCACUUUUUGCAUGAUAAUUAUAU,46,12,18,2,0.494,7,0.8146803445180978,0.7192059468776371,0.8506702962712734,0.03538011580315131,68.39155507020214,0.03998035726086663,0.0,5.204504437288621,0.055149;0.069317;0.088780;0.115403;0.151282;0.198300;0.257340;0.327363;0.404941;0.484902;0.562020;0.632780;0.695946;0.751215;0.796882;0.830541;0.853084;0.868386
12,AAAAAUUUAAGCAGGAGGCGAGCCAAACUUUUUGCAUGAAAAAUAAUA,48,12,18,2,0.543,9,0.7845744950061523,0.7445382991494821,0.8180193516600558,0.032302069426054125,66.94673539558053,0.039900609831308914,0.0,5.159001192655051,0.056278;0.074900;0.100521;0.135192;0.180775;0.238220;0.306710;0.383216;0.463018;0.541144;0.613783;0.678388;0.732184;0.771616;0.795966;0.809753;0.818589;0.825716
13,UAUUAAAAAAGCAGGAGGGAGUGAACUUUUUGCAUGUUAUUAUUAA,46,12,18,2,0.45,7,0.9105463895511829,0.6359020285253225,0.8517910078987948,0.04829315807139026,72.01848614543721,0.04829315807139026,0.0,5.199658008812087,0.022991;0.028642;0.036504;0.047640;0.063652;0.086850;0.120309;0.167481;0.231012;0.310788;0.402532;0.499119;0.594477;0.685164;0.764849;0.822792;0.857000;0.875581
14,UAUAUAAUAAGCAGGAGGAACUAGGCUUUUUGCAUGAAAUAAUAAA,46,12,18,2,0.45,7,0.8244125725862261,0.6890042916594346,0.827535124147425,0.0359402874465542,69.35876168942582,0.037351176880508985,0.0,5.10090185615811,0.052952;0.067748;0.087367;0.113230;0.146882;0.189719;0.242528;0.304919;0.374943;0.449249;0.523951;0.595832;0.662952;0.723552;0.773681;0.808898;0.830335;0.843372
15,AUUAUUUAUAGCAGGAGGCUUGGAACACUUUUUGCAUGAAAUAUAAUU,48,12,18,2,0.55,9,0.8623520276981484,0.7151728372951299,0.800220545834632,0.051994487278208934,69.72396709477374,0.051994487278208934,0.0,5.278531335146471,0.038357;0.048576;0.062384;0.081211;0.106937;0.141828;0.188267;0.248273;0.322999;0.412409;0.514025;0.618014;0.703966;0.756700;0.782012;0.793760;0.800677;0.806225
16,AUAAAUUAAAGCAGGAGGAGAGCAACUUUUUGCAUGAAUAAUAUAU,46,12,18,2,0.563,7,0.7618581226812009,0.741809940503717,0.8661834791782184,0.02931916880252583,66.7723905123315,0.0362720011097645,0.0,5.165697960850983,0.077617;0.098758;0.126750;0.163145;0.209141;0.265039;0.329691;0.400296;0.472840;0.543167;0.608217;0.666856;0.719865;0.768573;0.811946;0.845974;0.868925;0.883652
17,AUUAAAAAUUGCAGGAGGCUCGGAGAACUUUUUGCAUGAUAAUUUUUA,48,12,18,2,0.505,9,0.909529481004151,0.6295082222671164,0.7860452583835968,0.05362385945107184,72.37674314001295,0.05962584065284274,0.0,5.101146954189334,0.023602;0.030559;0.039895;0.052503;0.069584;0.092674;0.123622;0.164465;0.217330;0.284706;0.370289;0.477536;0.596788;0.694366;0.749342;0.774729;0.787536;0.795872
18,UUAAUUUAAAGCAGGAGGUGCUAAUAACUUUUUGCAUGUAUUAUAAAU,48,12,18,2,0.566,9,0.9162287815871136,0.7292758784758718,0.8392742469685586,0.06545078433529736,70.49177558525388,0.06545078433529736,0.0,5.54099970639587,0.013128;0.017795;0.024813;0.035543;0.052064;0.077371;0.115411;0.170672;0.247145;0.346855;0.467813;0.598714;0.712987;0.785625;0.819777;0.833697;0.840034;0.844092
19,UUAAAAAUUAGCAGGAGGGAGCGAGACUUUUUGCAUGUUAAAAUAAA,47,12,18,2,0.564,8,0.8424069205815288,0.7396879966436615,0.8554441134834617,0.03820156343947667,68.20956603461939,0.047010563210354434,0.0,5.339850255077142,0.034702;0.043807;0.058183;0.080317;0.113399;0.160836;0.225004;0.305316;0.396774;0.490795;0.578644;0.655047;0.719105;0.771849;0.812750;0.840608;0.857621;0.868103
20,UAUUAAAUAAGACAGGAGGCUUAAUAACUUUUUGUCAUGAUUUUUAUAA,49,13,19,3,0.56,8,0.9048391545894919,0.6669353610614415,0.8093399573424737,0.054860284125097386,71.49458169619786,0.05582896367853285,0.0,5.243935464877408,0.022260;0.029037;0.038352;0.051303;0.069449;0.094911;0.130348;0.178634;0.242154;0.322034;0.418007;0.527727;0.639385;0.726177;0.774452;0.797677;0.810625;0.819718
21,AAAUUAUAUAGCAGGAGGCCGUGGCAGCUUUUUGCAUGUUAAAAAUAU,48,12,18,2,0.56,9,0.9552193646069796,0.5980598504262613,0.8108586520396925,0.06319142224641805,73.2735521996818,0.0724343415029785,0.0,5.1736719475379545,0.010381;0.013093;0.016818;0.022084;0.029738;0.041147;0.058481;0.085121;0.126161;0.188777;0.281368;0.407751;0.552620;0.677177;0.754692;0.793692;0.813409;0.825475
22,AAAAUAAAUAGCAGGAGGGUAUAGCGGCUUUUUGCAUGAAAAAAUAAU,48,12,18,2,0.522,9,0.9073579110920591,0.6319138172748553,0.8581664329000268,0.04991268785710265,72.49816381438899,0.05477939532002893,0.0,5.197357674787135,0.032259;0.037707;0.045265;0.055848;0.070766;0.091821;0.121350;0.162083;0.216680;0.286921;0.372886;0.472711;0.582270;0.691582;0.781092;0.836062;0.862859;0.875578
23,AUUUAUUAAAGCAGGAGGGGGUAGGACUUUUUGCAUGUAAAUUAAUA,47,12,18,2,0.45,8,0.923724662884971,0.6425293664480574,0.8703512546632197,0.05428834983139144,72.39977828662278,0.05809451091424289,0.0,5.29771770643451,0.019746;0.024759;0.031563;0.040994;0.054340;0.073555;0.101458;0.141731;0.198332;0.273978;0.368198;0.476775;0.592964;0.705488;0.794890;0.848623;0.874915;0.887516
24,UUAAUAUAUAGCAGGAGGGAGACAAACUUUUUGCAUGAUAAAUUUUA,47,12,18,2,0.507,8,0.9403921266715755,0.6167362014500153,0.8573033521546276,0.05522751793736044,72.88120226146445,0.05897110567276126,0.0,5.2378579576745805,0.012693;0.016314;0.021355;0.028565;0.039150;0.055024;0.079106;0.115458;0.168805;0.242840;0.337579;0.448035;0.565977;0.680150;0.772783;0.831117;0.862004;0.878789
25,AUUAUUAUAAGACAGGAGGACGAGAAGCUUUUUGUCAUGAUAAAAUUAA,49,13,19,3,0.497,8,0.8948127809993927,0.6728346950958518,0.8700579967953438,0.04359297851178473,70.85864921458459,0.04434928625503784,0.0,5.2875885565264955,0.016876;0.023347;0.033137;0.048036;0.070527;0.103653;0.150383;0.212355;0.288370;0.373870;0.462569;0.549755;0.634586;0.717094;0.789903;0.842096;0.874142;0.893936
26,AAAUAUUAUUGCAGGAGGUAAGCAGGGCUUUUUGCAUGAUUAUUAUAA,48,12,18,2,0.45,9,0.9280840247184454,0.6174489870275052,0.8290605906506886,0.05282414296777224,72.87729489649001,0.06076490253275968,0.0,5.163402468366528,0.016453;0.021370;0.028186;0.037764;0.051347;0.070663;0.097975;0.135979;0.187508;0.255135;0.341043;0.446691;0.568221;0.685532;0.769351;0.813325;0.832667;0.841190
27,AAUAUAUAUAGGCAGGAGGGCCGUGGCACUUACUGCCAUGUAUAUUUAAU,50,13,19,3,0.561,9,0.7218564208795684,0.7512463868954279,0.8686344515913836,0.05821120264540891,70.06194415838806,0.05821120264540891,0.0,5.233248490414132,0.258470;0.258316;0.258926;0.260707;0.264373;0.271202;0.283481;0.305177;0.342640;0.404278;0.496394;0.612817;0.727567;0.810714;0.853888;0.868846;0.870143;0.866915
28,UAUUAAAUAAGACAGGAGGGAAGUGGCACUUACUGUCAUGAUAUUUUAUU,50,13,19,3,0.505,9,0.6202967020884492,0.7986698324665978,0.8891882408953652,0.02806095576537554,64.17176355970467,0.030230809992007945,0.0,5.0826290859812415,0.273632;0.284514;0.300558;0.323150;0.353582;0.392666;0.440256;0.494922;0.554051;0.614512;0.673631;0.729753;0.781457;0.825555;0.857914;0.878343;0.890674;0.898548
29,AUAAUUAUAAGCAGGAGGCAAGAAAGCUUUUUGCAUGAAUAAUUAAU,47,12,18,2,0.546,8,0.9680689735426179,0.5015589694529662,0.8284913375478741,0.04845575118384861,74.98368346303941,0.07794443896516251,0.0,4.87737486650134,0.009035;0.011056;0.013709;0.017303;0.022357;0.029732;0.040867;0.058117;0.085204;0.127677;0.193070;0.289981;0.423327;0.579216;0.713711;0.794735;0.834751;0.855988
30,AUUAUAUAUAGCAGGAGGUAUUGAGACUUAUUGCAUGAAAUUUUUAA,47,12,18,2,0.58,8,0.6708997426890291,0.7482803674312926,0.8469975950751786,0.031170627592241207,66.5494462840031,0.031447015109074106,0.0,4.981819490653669,0.237226;0.247872;0.262162;0.281153;0.306088;0.338245;0.378592;0.427294;0.483269;0.544169;0.607063;0.669405;0.728676;0.779611;0.815430;0.836388;0.848466;0.856138
31,UAAUUAUAUAGCAGGAGGACGCAGGCUUUUUGCAUGAUAAUUUUUA,46,12,18,2,0.45,7,0.9247200672211646,0.6418776769079335,0.8552963189158916,0.053790007998900324,72.34275953594182,0.05767834926159468,0.0,5.273177675535569,0.016721;0.021489;0.028173;0.037751;0.051702;0.072160;0.101981;0.144536;0.203007;0.279224;0.372650;0.480230;0.595587;0.704651;0.787043;0.835024;0.859100;0.871766
32,UUUAUAAUAAGCAGGAGGCUAGUGACUUUUUGCAUGUUUUAUUUUU,46,12,18,2,0.497,7,0.8950727109655519,0.6701258465168748,0.8020982848303558,0.048559501182471404,70.88952393617386,0.048559501182471404,0.0,5.197908393457147,0.023535;0.030359;0.039991;0.053831;0.073920;0.103031;0.144444;0.201114;0.274120;0.361194;0.456805;0.553924;0.644399;0.717396;0.764784;0.790209;0.803697;0.812388
33,AUUAUUUUAAGACAGGAGGUUAUUGACGCUUUUUGUCAUGUUAAAAAUUA,50,13,19,3,0.573,9,0.935598508292009,0.6489967327391415,0.822581812815034,0.06338460597766066,72.33793991127489,0.06809412499009901,0.0,5.3055983579346355,0.013712;0.017821;0.023594;0.031854;0.043835;0.061339;0.086900;0.123906;0.176651;0.250309;0.350219;0.476988;0.613177;0.721934;0.783888;0.812023;0.824544;0.831179
34,UAAUUUUUAAGCAGGAGGUAAACGAGUCUUUUUGCAUGUAAUUUAAUU,48,12,18,2,0.524,9,0.8671994325155572,0.6802202190742956,0.8344365781028893,0.04089216001567403,70.3854792389196,0.04103472631676003,0.0,5.190283029471031,0.027718;0.037811;0.052111;0.072323;0.100551;0.139016;0.189397;0.251872;0.324406;0.403138;0.484237;0.566021;0.648091;0.724494;0.782275;0.817224;0.836959;0.849127
35,AUAUAAAUAAGCAGGAGGAAUGUGGGCUUUUUGCAUGAUUAAAUAAA,47,12,18,2,0.527,8,0.8714724614550282,0.6911825088323823,0.850130743072297,0.04165099575524717,69.97608369078172,0.04363123774909175,0.0,5.258292547036637,0.024416;0.033590;0.046844;0.065996;0.093409;0.131779;0.183485;0.249429;0.327799;0.413781;0.501043;0.584345;0.661213;0.730566;0.788605;0.829500;0.853612;0.867281
36,UUUAAUAAUAGCAGGAGGCCGGUGAACUUUUUGCAUGUUAAUAAUAA,47,12,18,2,0.512,8,0.8896358844329839,0.6555362342785774,0.8246394894414578,0.04628509960071897,71.48774460806422,0.047912481568625764,0.0,5.167980104266762,0.026905;0.035148;0.046435;0.061999;0.083491;0.112971;0.152685;0.204511;0.269133;0.345469;0.431140;0.523710;0.619535;0.707545;0.771356;0.807775;0.827182;0.838961
37,UAAUAAAUAAGACAGGAGGUCGUAGAAGCUUUUUGUCAUGUAAUUUUUUA,50,13,19,3,0.45,9,0.9551793183847614,0.6211493192524993,0.8515491500715822,0.06667892988969357,73.23799878795754,0.08836073138199632,0.0,5.317846039193168,0.011892;0.014913;0.018939;0.024416;0.032038;0.042892;0.058690;0.082125;0.117480;0.171810;0.257252;0.390610;0.567331;0.721899;0.804758;0.838911;0.853810;0.861926
38,UUAUAAAUAAGCAGGAGGAAUGGUGACUUUUUGCAUGAAUAUAUUAU,47,12,18,2,0.58,8,0.8858862000181147,0.6791309956415524,0.8626710517500694,0.04556805929064195,70.86613926801247,0.04556805929064195,0.0,5.285444201748559,0.025453;0.033559;0.044893;0.060891;0.083527;0.115301;0.158915;0.216440;0.288046;0.371056;0.460532;0.551668;0.641653;0.726712;0.796491;0.841764;0.866412;0.879837
39,UUAAUAUUAAGCAGGAGGGCGGGGUACUUUUUGCAUGUAUAAUUAUA,47,12,18,2,0.563,8,0.9261051266848692,0.6583263134377054,0.8638950087253899,0.055720798071923816,71.97866612151645,0.056879395996234705,0.0,5.345914899058635,0.014993;0.019535;0.025954;0.035237;0.048925;0.069343;0.099780;0.144332;0.206955;0.289514;0.389747;0.501189;0.614948;0.719068;0.798101;0.844885;0.867851;0.878949
40,AAAAAAUUAAGCAGGAGGACUUUUAGCUUUUUGCAUGAUUAUUUUAA,47,12,18,2,0.58,8,0.9258230456751737,0.6175042374331027,0.7670561661427548,0.051711844858900596,72.29095850831571,0.051711844858900596,0.0,5.06159043229939,0.014507;0.018985;0.025387;0.034767;0.048762;0.069781;0.101048;0.146200;0.208157;0.287509;0.381640;0.485063;0.587736;0.672048;0.725169;0.753260;0.768816;0.779093
41,AUUAUAUUAAGACAGGAGGCCCCGAAGACUUUUUGUCAUGAAUAUAAUAA,50,13,19,3,0.58,9,0.9049424153467568,0.6586821581905513,0.7517346768444734,0.05842920911711666,71.01337220423908,0.05842920911711666,0.0,5.147250157000344,0.023542;0.030408;0.039692;0.052377;0.069879;0.094217;0.128223;0.175720;0.241459;0.329986;0.440789;0.557648;0.649338;0.701268;0.726475;0.740825;0.751975;0.762404
42,UUUUAAAAAAGCAGGAGGCCAAGGGAACUUUUUGCAUGUUAUUAAUUA,48,12,18,2,0.58,9,0.8423298397249386,0.7164620685199486,0.8506744347529627,0.04588124646314373,69.76272982281972,0.04588124646314373,0.0,5.293582522991742,0.053656;0.065234;0.080619;0.101181;0.128644;0.164971;0.212028;0.270995;0.341704;0.422431;0.510441;0.602204;0.690677;0.762935;0.810032;0.836623;0.852285;0.863116
43,UUAUUUAAAAGCAGGAGGCCAUAUACUUUUUGCAUGAUUUAAUUUU,46,12,18,2,0.58,7,0.8383163387226171,0.6932959163070951,0.8103718772084617,0.03967465555549654,69.5476390706809,0.04104534702752205,0.0,5.130776864401198,0.051927;0.063790;0.079725;0.101282;0.130421;0.169327;0.219864;0.282659;0.356158;0.436477;0.518567;0.597917;0.670635;0.731191;0.773441;0.797983;0.811895;0.821238
44,AUUAAUUUAAGCAGGAGGGACAGUACUUUUUGCAUGUAUAAUAUAU,46,12,18,2,0.49,7,0.9226195331242856,0.602739285964195,0.8147330824362703,0.04820981441572175,72.73629684406643,0.0485168742229766,0.0,5.068395805458448,0.018525;0.023541;0.030463;0.040222;0.054235;0.074590;0.104154;0.146363;0.204330;0.279088;0.367858;0.464277;0.561311;0.653214;0.732155;0.787901;0.819684;0.836614
45,AUUUUAUAAAGCAGGAGGAUUAAAUAACUUUUUGCAUGUUAUAUUAUU,48,12,18,2,0.48,9,0.8837811808326382,0.665349272399248,0.854862894594266,0.0451290788231167,71.2827244101566,0.04613961828927382,0.0,5.226420836046886,0.031024;0.039593;0.051194;0.067062;0.088879;0.118782;0.159159;0.212060;0.278214;0.356105;0.442112;0.532370;0.624649;0.714916;0.789462;0.835653;0.858765;0.870171
46,AAUUAAAAUAGCAGGAGGACGCGAAACCUUUUGCAUGAAUAAUUUUA,47,12,18,2,0.58,8,0.9623213535025065,0.5236671367513023,0.8373600229958095,0.04902166940838833,74.6850381302524,0.07776553242275383,0.0,4.947770829386187,0.009446;0.011913;0.015240;0.019834;0.026330;0.035722;0.049546;0.070137;0.100940;0.146866;0.214644;0.312688;0.446728;0.602259;0.732994;0.808469;0.843397;0.860214
47,UAUUAUUUUUGCAGGAGGCUACGUGCACUUGCUGCAUGAUAUUAAUAA,48,12,18,2,0.58,9,0.7877262498867081,0.6672415238199954,0.7701107382037841,0.04327690951340965,70.4429395845318,0.04327690951340965,0.0,4.905450816592717,0.127678;0.140829;0.156112;0.174220;0.196001;0.222467;0.254822;0.294572;0.343763;0.405121;0.480831;0.567385;0.649527;0.709063;0.742991;0.760691;0.771041;0.778600
48,AAUUUAUUUAGCAGGAGGAGUGCGACCUUUUGCAUGUUAAUUUUAU,46,12,18,2,0.483,7,0.8669982409415604,0.6516606019028105,0.7895417861365753,0.038986169523780395,70.65937784105354,0.0398882612409526,0.0,5.0292356448915365,0.031189;0.041244;0.055409;0.075232;0.102583;0.139448;0.187460;0.247165;0.317286;0.394517;0.474293;0.552266;0.625144;0.689432;0.739801;0.772874;0.792058;0.803694
49,AAUUAAAAUAGCAGGAGGAGAGGCACUUUUUGCAUGAAAUAAAAUA,46,12,18,2,0.45,7,0.8072814293902116,0.7071292443057444,0.8576212909884681,0.034499276153616976,68.71446834238823,0.03723237104751961,0.0,5.160379632794826,0.064372;0.080016;0.100662;0.127820;0.163132;0.208036;0.263196;0.327840;0.399392;0.473857;0.547038;0.616037;0.680080;0.739582;0.792818;0.834358;0.861304;0.877202
50,AUUUUUAUAAGCAGGAGGAUGGGUAGCUUUUUGCAUGAAUUUUUAUA,47,12,18,2,0.58,8,0.8850903390587409,0.6838649175235721,0.8701282535488303,0.0454312712483568,70.77543264441522,0.0454312712483568,0.0,5.308692896004872,0.023815;0.031988;0.043569;0.060076;0.083557;0.116520;0.161538;0.220366;0.292759;0.375791;0.464771;0.555634;0.646156;0.731937;0.801733;0.847451;0.873734;0.889200
51,UUAUAUAAAAGCAGGAGGUUUAGGCACUUUUUGCAUGAAAUUUUAUA,47,12,18,2,0.58,8,0.9365217439436362,0.668002154534185,0.8292571710790758,0.0668283243328664,71.94268705837442,0.06713828670740146,0.0,5.388249005439906,0.013002;0.016877;0.022334;0.030194;0.041741;0.058951;0.084772;0.123358;0.180075;0.260897;0.370173;0.503830;0.638107;0.737756;0.792316;0.818016;0.830957;0.838798
52,UUUAUUAUAAGCAGGAGGAUGGCGUAACUUUUUGCAUGAUUUAAUAAU,48,12,18,2,0.54,9,0.8574630078956763,0.7294912006618212,0.867770120741171,0.04693130623078212,69.6127393597879,0.04693130623078212,0.0,5.3927800238117,0.035225;0.045977;0.060833;0.081419;0.109790;0.148264;0.198945;0.262926;0.339454;0.425736;0.517833;0.611695;0.701643;0.777011;0.827615;0.855291;0.869714;0.878306
53,UAAUUUUAUAGCAGGAGGCGCGGCGUACUUUUUGCAUGAUUAUAAAAA,48,12,18,2,0.45,9,0.8688246041948943,0.7012325025199699,0.8417068053894328,0.04979769976345566,70.45648752454782,0.04979769976345566,0.0,5.30309772308767,0.034671;0.045100;0.059145;0.078089;0.103526;0.137281;0.181193;0.236762;0.304811;0.385333;0.477268;0.576863;0.673846;0.752066;0.802154;0.829196;0.843549;0.852375
54,UUAAAAAAAAGACAGGAGGAUUUGAACUUUUUGUCAUGUAUUUUAAAA,48,13,19,3,0.579,7,0.8720262666128689,0.6440157128975766,0.8195360573426583,0.04288589061403572,71.70438655582969,0.045735681157988095,0.0,5.076947320388598,0.044920;0.054199;0.066417;0.082621;0.104182;0.132794;0.170325;0.218425;0.277880;0.348024;0.426906;0.512678;0.604149;0.694496;0.764741;0.804151;0.822611;0.831847
55,AUAUAUAUUAGCAGGAGGCCUAAGAGACUUUUUGCAUGAUUUAUUUUU,48,12,18,2,0.461,9,0.9038586072100168,0.6841534976222614,0.7847837243246172,0.055915832001510596,70.61950684672969,0.055915832001510596,0.0,5.261016621779786,0.019936;0.026053;0.034670;0.047084;0.065274;0.092098;0.131294;0.186917;0.261947;0.356350;0.465360;0.577191;0.671049;0.729702;0.758671;0.774037;0.785202;0.795112
56,UAUUAUUUAAGACAGGAGGUAGUGGGAACUUUUUGUCAUGUAUUUAAAUA,50,13,19,3,0.45,9,0.9231414067413496,0.6701054600608297,0.8619860561978473,0.06249908587650055,72.18157455715465,0.06989259465475922,0.0,5.399574621467961,0.022644;0.027870;0.034807;0.044191;0.057130;0.075290;0.101121;0.138070;0.190605;0.263811;0.362311;0.487309;0.627094;0.747219;0.818799;0.850819;0.864311;0.870828
57,AUAAAAUUAAGCAGGAGGGAUACGUACUUUUUGCAUGUUAAAAAAAA,47,12,18,2,0.58,8,0.9374184035790981,0.5994987754887718,0.8191213995350198,0.05186161220100516,72.8484028130152,0.05186161220100516,0.0,5.109461681731062,0.012472;0.016126;0.021297;0.028829;0.040090;0.057240;0.083499;0.123129;0.180551;0.258060;0.352897;0.456620;0.558883;0.652017;0.730475;0.788249;0.824166;0.844949
58,AUUAUAUUAAGCAGGAGGCUCUAAAACUUUUUGCAUGUAUUAAAUAA,47,12,18,2,0.501,8,0.8675950318931738,0.7083407017672281,0.7642083308323252,0.04621701076262541,69.11835289803534,0.0510030755902971,0.0,5.1913927083870215,0.025701;0.034689;0.047667;0.066557;0.093987;0.133159;0.187216;0.258004;0.344665;0.442961;0.544967;0.637401;0.703825;0.738865;0.753272;0.759564;0.764103;0.768958
59,AAAUUUUUAAGCAGGAGGCGCAGUAACCUAUUGCAUGAAAUAAAUUA,47,12,18,2,0.58,8,0.6586887004976958,0.7544574292883567,0.8306218661982862,0.028814431247762673,65.57418672495703,0.029759476404717877,0.0,4.941940213148942,0.230989;0.244293;0.262633;0.287088;0.318531;0.357378;0.403368;0.455477;0.512043;0.571096;0.630615;0.688244;0.740226;0.781257;0.808102;0.823133;0.831546;0.837187
60,AUAAAUUAAAGCAGGAGGACACGCAGACCUUUUGCAUGUAAUUUUUUA,48,12,18,2,0.571,9,0.9361855090495008,0.5952831955561749,0.8452260774768273,0.05185021329423514,73.38926231003681,0.06391440069401555,0.0,5.133460574159708,0.014252;0.018684;0.024842;0.033479;0.045664;0.062871;0.087064;0.120718;0.166756;0.228445;0.309394;0.413095;0.538205;0.666034;0.763800;0.820123;0.849333;0.866223
61,UUUAAAAAAAGCAGGAGGUUAAAGCACUUUUUGCAUGAAUAAUUAAU,47,12,18,2,0.455,8,0.9418870134997646,0.6485965562378091,0.8375615423127117,0.06321633486839986,72.43237277891369,0.0685148749933858,0.0,5.338771348655623,0.012011;0.015463;0.020320;0.027339;0.037729;0.053388;0.077187;0.113170;0.166409;0.242139;0.343943;0.470376;0.607406;0.723284;0.793320;0.825654;0.839837;0.847193
62,UAUAUAUAAUGGCAGGAGGUCUGGCAAACUUUUUGCCAUGAAUUAUAAAU,50,13,19,3,0.505,9,0.9242663802957738,0.6753206443831095,0.8299715097421697,0.060530927188821276,71.59676540946917,0.060530927188821276,0.0,5.361575667109415,0.014326;0.018962;0.025648;0.035460;0.050008;0.071614;0.103413;0.149215;0.212957;0.297597;0.403346;0.524408;0.644196;0.738337;0.794342;0.820796;0.832060;0.837059
63,UAAUUAUUUAGCAGGAGGGACGCGACUUUUUGCAUGAAAAUUUUAU,46,12,18,2,0.58,7,0.910938186584646,0.6438022098540416,0.8152011884509732,0.04949624221712348,71.82628306300613,0.04986412347494373,0.0,5.1740697542763705,0.019228;0.024897;0.032960;0.044633;0.061695;0.086599;0.122352;0.171955;0.237237;0.317565;0.409606;0.508598;0.608327;0.697208;0.761076;0.797992;0.817853;0.829759
64,AUUAUAUAUAGCAGGAGGUAGCGGACUUUUUGCAUGAUUUAAAAAU,46,12,18,2,0.562,7,0.9496042089937204,0.5734845279916536,0.8378912727477202,0.053176931037878544,73.79254051720687,0.06523483477106767,0.0,5.089206635235496,0.012234;0.015408;0.019737;0.025799;0.034508;0.047300;0.066381;0.094952;0.137242;0.197966;0.280959;0.387313;0.513042;0.643512;0.750072;0.813363;0.843182;0.857129
65,AAAAAUUAAAGCAGGAGGGAGAUAACUUAUUGCAUGUAAAAAUAUA,46,12,18,2,0.489,7,0.6161816771896407,0.7542304309933098,0.8697927815640547,0.025588832523715077,64.86428146616393,0.02681381322061943,0.0,4.902099149800153,0.292602;0.304484;0.319613;0.338998;0.363756;0.394925;0.433131;0.478169;0.528687;0.582237;0.635864;0.687042;0.734469;0.778057;0.817354;0.849645;0.872465;0.887268
66,UAAAAUUUUAGCAGGAGGGAGCGAAUACUUUUUGCAUGAUUAUUUUAU,48,12,18,2,0.58,9,0.8800266216823593,0.7020638300406205,0.8257216736293825,0.05091963887955461,70.38466894633979,0.05091963887955461,0.0,5.308505799448872,0.026241;0.035339;0.048024;0.065657;0.090013;0.123257;0.167758;0.225609;0.297863;0.383765;0.480413;0.582252;0.678389;0.752218;0.795396;0.816457;0.827125;0.833583
67,AAAUAUUAAAGCAGGAGGCGAUGAGAACUUUUUGCAUGUAUAAUAUAA,48,12,18,2,0.58,9,0.8077281572323192,0.7426909530680779,0.8516327392328581,0.038201590324941526,68.10228783577493,0.04040422873325214,0.0,5.273784643817925,0.056082;0.071960;0.093299;0.121831;0.159440;0.207749;0.267446;0.337543;0.415097;0.495906;0.575963;0.652367;0.721941;0.778822;0.817634;0.840208;0.853129;0.861561
68,UAUUUAAUUAGCAGGAGGGGCGAUUAACUUUUUGCAUGUUUAUAUUUU,48,12,18,2,0.551,9,0.8909343383405437,0.6542092742191905,0.8476204903957938,0.0468354635869625,71.65174537656851,0.04828892478665675,0.0,5.2032690892802,0.031805;0.039420;0.049761;0.063938;0.083487;0.110439;0.147230;0.196297;0.259215;0.335595;0.422640;0.516311;0.612889;0.706100;0.781538;0.827999;0.851476;0.863386
69,AAAAAUAAAAGCAGGAGGAAAACGCAGCUUUUUGCAUGAAAUUUUUAA,48,12,18,2,0.496,9,0.6988115196194599,0.7949707888772441,0.881744686922827,0.02652762466617825,64.41181127619707,0.036056861370418636,0.0,5.211262934919605,0.104291;0.134959;0.173721;0.221484;0.278346;0.343171;0.413430;0.485544;0.555750;0.621147;0.680380;0.733435;0.780175;0.818784;0.847490;0.867689;0.882657;0.894887
70,AUUAUUAUUAGCAGGAGGAGACGCGGCUUUUUGCAUGAAUUAAUAAU,47,12,18,2,0.58,8,0.871391537208609,0.6948108853076728,0.8439224026008145,0.04587446100678852,70.33930071362813,0.04587446100678852,0.0,5.276597178268612,0.030865;0.040399;0.053583;0.071944;0.097480;0.132529;0.179346;0.239308;0.312023;0.395007;0.484435;0.576184;0.664950;0.741619;0.796491;0.828838;0.846351;0.856577
71,UUAUUAAUUAGCAGGAGGCUCAGUAACUUUUUGCAUGAAUAAAUAUU,47,12,18,2,0.45,8,0.8313078509012993,0.742287433897971,0.7982470148704931,0.03951927247389958,67.85646932055859,0.046478882275696964,0.0,5.244925615697849,0.032059;0.044768;0.063242;0.089858;0.127397;0.178475;0.244466;0.324251;0.413713;0.506671;0.596367;0.675405;0.735207;0.770950;0.787587;0.794603;0.798430;0.801709
72,UUAAUUAAUAGCAGGAGGACUACGCGCUUUUUGCAUGAAAAAUUUAA,47,12,18,2,0.45,8,0.8842206148192728,0.6992627347026714,0.8246244798506103,0.0495537460649291,70.22967527284175,0.0495537460649291,0.0,5.301381137782192,0.022201;0.030236;0.041805;0.058523;0.082572;0.116618;0.163427;0.225020;0.301612;0.390968;0.488619;0.587726;0.677388;0.744994;0.786943;0.810919;0.825931;0.837023
73,AUUUUUAUUAGCAGGAGGAACAACAAGCUUUUUGCAUGAAAAUAAAAA,48,12,18,2,0.45,9,0.8872063252927053,0.6614016704870553,0.852223547877216,0.047716436850900906,71.75569551369318,0.05318141112450214,0.0,5.227818731266004,0.031606;0.040343;0.052000;0.067656;0.088721;0.116920;0.154141;0.202065;0.261691;0.333125;0.416224;0.511657;0.618020;0.720769;0.795160;0.835581;0.855270;0.865820
74,AUAUAUUAUAGCAGGAGGAUCGCAGACUUUUUGCAUGAUUUAUUUAU,47,12,18,2,0.58,8,0.83072309268028,0.7587774950430218,0.8477869849598051,0.03661784675438462,67.47765971735511,0.047295431676314226,0.0,5.3559305349468715,0.027346;0.039022;0.056787;0.083536;0.122743;0.177635;0.249560;0.336136;0.430727;0.524488;0.609930;0.683165;0.743124;0.788963;0.819858;0.838165;0.848948;0.856248
75,AUAAUAUUAAGCAGGAGGAACUAAGACUUUUUGCAUGAAAUUUUUAU,47,12,18,2,0.496,8,0.8880359019180499,0.7083021804701871,0.855020837675716,0.050144858872178066,70.30011297356388,0.050144858872178066,0.0,5.384089037248947,0.023600;0.031128;0.041743;0.056937;0.078875;0.110481;0.155189;0.215994;0.293730;0.385472;0.484951;0.585241;0.679666;0.757964;0.810338;0.840012;0.857055;0.867996
76,UAAAUAAAUAGCAGGAGGGAAAGAACUUUUUGCAUGUAAUAAAUUA,46,12,18,2,0.58,7,0.9231297576230242,0.6218410072794893,0.8634004558117248,0.05031012519641548,72.50200569810033,0.05081094003043876,0.0,5.208123721587766,0.018383;0.023323;0.030128;0.039717;0.053508;0.073624;0.103060;0.145527;0.204563;0.281603;0.373872;0.474493;0.576114;0.674139;0.762617;0.829546;0.869650;0.891006
77,UAUAUUUAAAGCAGGAGGCAGGUCAACUUUUUGCAUGAAUUUAAAUU,47,12,18,2,0.58,8,0.8080351980784697,0.7349715317234867,0.8334714070231785,0.03298131878750393,67.51734084849568,0.04132353301907496,0.0,5.203117377012182,0.042476;0.058085;0.080192;0.111183;0.153569;0.209156;0.277780;0.356297;0.438944;0.519421;0.593382;0.659345;0.717052;0.764572;0.798916;0.820828;0.834778;0.844808
78,UUUAAUAAUAGCAGGAGGCCUAUGAAACUUUUUGCAUGUAUUAUUUAU,48,12,18,2,0.523,9,0.866300471498783,0.6700553459992947,0.7704531751322182,0.047100235002266455,70.41148729385667,0.047100235002266455,0.0,5.086847683702843,0.039190;0.049394;0.062970;0.081178;0.105683;0.138518;0.181883;0.237668;0.306812;0.388737;0.480619;0.574819;0.655883;0.709849;0.739670;0.757405;0.770921;0.783033
79,AAUAAUUAUUGACAGGAGGAAACAAAGCUUUUUGUCAUGAAUUUUUUUA,49,13,19,3,0.473,8,0.9158066995639423,0.5810738923195544,0.8266423245736307,0.041122217220004725,73.52908107596218,0.05684128133049138,0.0,4.979287431827013,0.019520;0.025742;0.034331;0.046260;0.062834;0.085699;0.116704;0.157530;0.209120;0.271236;0.342995;0.425239;0.523024;0.636707;0.739325;0.801882;0.831803;0.846242
80,UAAUUUAUAAGCAGGAGGGGGAGAGGGCUUUUUGCAUGAUAAAAAAAA,48,12,18,2,0.481,9,0.9095840834081523,0.598796642045015,0.8802149128223155,0.045517166043934354,73.29913747563045,0.05993726590396292,0.0,5.1179491263605605,0.032184;0.038429;0.046596;0.057434;0.071994;0.091722;0.118500;0.154582;0.202302;0.263562;0.339418;0.430452;0.537520;0.657394;0.769820;0.846902;0.887082;0.906661
81,UAAUAUUUAAGCAGGAGGGGGCGCAGCUUUUUGCAUGUUAAUUAAUA,47,12,18,2,0.45,8,0.8756026603282068,0.6780926747757894,0.8414550565782983,0.046931330500765894,70.9238241272248,0.04694747319717929,0.0,5.235391251854293,0.038956;0.046853;0.058047;0.073851;0.096009;0.126655;0.168046;0.222009;0.289150;0.368289;0.456644;0.550506;0.644401;0.728102;0.789361;0.825440;0.844293;0.854633
82,AUAAAUAUUAGCAGGAGGUGCGCAUAACUUUUUGCAUGAAUUAAAUAA,48,12,18,2,0.459,9,0.9411192718791124,0.6651138671377484,0.8376272702121775,0.06598612681128038,72.11138777147653,0.06852767435847101,0.0,5.397965557734858,0.011398;0.014763;0.019575;0.026645;0.037269;0.053479;0.078333;0.116139;0.172326;0.252550;0.360395;0.492367;0.629422;0.738229;0.800437;0.827964;0.839497;0.845421
83,AAAAUAUUUAGCAGGAGGUGUAUAGAACUUUUUGCAUGUUAAAUUUAU,48,12,18,2,0.509,9,0.9204891136218678,0.6138050657024722,0.8274697928937428,0.04983446004726538,72.95466192728692,0.05993089406673846,0.0,5.122935953880828,0.019236;0.025183;0.033263;0.044314;0.059488;0.080329;0.108798;0.147179;0.197809;0.262738;0.343832;0.443501;0.561865;0.681727;0.768127;0.811838;0.830825;0.839747
84,AAUUAAAUAAGCAGGAGGAUGGCAACUUUUUGCAUGAAUAAAAAUU,46,12,18,2,0.535,7,0.7985559230445813,0.7487892013966325,0.8617913282718046,0.034710665300934695,67.49232717014475,0.040475929974813,0.0,5.275009103890506,0.054792;0.071168;0.093854;0.124850;0.166169;0.219269;0.284236;0.359061;0.439597;0.520549;0.597164;0.666585;0.727842;0.780066;0.820664;0.847713;0.863828;0.873832
85,UUAUAAAAAAGCAGGAGGGGAAAUGACUUUUUGCAUGAAAAAAUUUA,47,12,18,2,0.526,8,0.9227153556812882,0.6734063751133602,0.8772891264995456,0.05654174045736307,71.58510472248365,0.05654174045736307,0.0,5.407750488281428,0.016011;0.020710;0.027319;0.036853;0.050920;0.072012;0.103738;0.150695;0.217304;0.305194;0.410375;0.523459;0.633675;0.731046;0.805446;0.853003;0.880804;0.898061
86,UUAAAUAAAAGACAGGAGGUCUGAACGCUUUUUGUCAUGAAUUAAUUUU,49,13,19,3,0.494,8,0.9478442733380841,0.6303300885923964,0.793416009031162,0.06771893650580296,72.58230310265954,0.07126673876264072,0.0,5.247678572023313,0.011099;0.014223;0.018593;0.024868;0.034097;0.047932;0.068912;0.100793;0.148885;0.220294;0.323063;0.458501;0.601035;0.704511;0.757273;0.781230;0.794515;0.804503
87,AUAUAAUAAAGACAGGAGGUACAGCGACUUUUUGUCAUGUUUAAUAUUU,49,13,19,3,0.58,8,0.9522254203634574,0.5902685955996044,0.8494185694667028,0.05625140303529155,73.53144130387834,0.06672186911126127,0.0,5.17439009386695,0.010673;0.013551;0.017532;0.023198;0.031484;0.043895;0.062786;0.091657;0.135197;0.198647;0.286154;0.398657;0.531007;0.664450;0.766960;0.825196;0.853892;0.869167
88,UAUAUAUUAAGCAGGAGGAUAGGAGGACUUUUUGCAUGAUUUUAAAUU,48,12,18,2,0.547,9,0.8595372466080337,0.7179202991161103,0.8867464868143783,0.04702297946293918,70.15227291965384,0.04735214075214478,0.0,5.391047038637722,0.044176;0.054354;0.067892;0.086135;0.110908;0.144504;0.189402;0.247546;0.319248;0.402360;0.492840;0.586886;0.681590;0.769133;0.834073;0.870967;0.889566;0.899707
89,UAAUUUUAAAGCAGGAGGGGGCCACGACUUUUUGCAUGUUUAUAUUUU,48,12,18,2,0.58,9,0.9088468746141591,0.6111983107887659,0.8078875165772074,0.04895842866432909,72.71169256657184,0.053672229259107584,0.0,5.058953671117743,0.031270;0.036984;0.044748;0.055410;0.070202;0.090846;0.119612;0.159173;0.212135;0.280262;0.363885;0.461802;0.569146;0.670247;0.743598;0.786202;0.810627;0.826834
90,UUUUUUUUAAGACAGGAGGACAAGGACCUUUUUGUCAUGUAAAUAAAAA,49,13,19,3,0.536,8,0.8561804920273256,0.6208332109737749,0.8176641666797758,0.035689787458814654,71.94453898776547,0.04129812358382162,0.0,4.944116016830899,0.039004;0.052382;0.070095;0.093128;0.122385;0.158488;0.201560;0.251118;0.306216;0.365989;0.430600;0.501979;0.581860;0.664457;0.735036;0.785750;0.820814;0.846429
91,AAAUAAAAAAGCAGGAGGGCACGAACUUUUUGCAUGUAUAUAAAAA,46,12,18,2,0.542,7,0.9135433649160161,0.6573645961413981,0.8445128920491275,0.051442310200596836,71.42257530870262,0.051442310200596836,0.0,5.271719097132304,0.018585;0.023848;0.031289;0.042073;0.058003;0.081760;0.116994;0.167890;0.237669;0.325983;0.426819;0.529704;0.624439;0.705186;0.770129;0.818251;0.849108;0.866179
92,AUAUUUAUUAGCAGGAGGGAUCGCGAGCUUUUUGCAUGAUAAUUUUAA,48,12,18,2,0.45,9,0.9308617908802453,0.5996535724180116,0.8190244573548943,0.051549891666285874,73.15845721366911,0.05945148808603912,0.0,5.09542055171201,0.017745;0.022194;0.028327;0.036967;0.049342;0.067191;0.092825;0.129012;0.178641;0.244290;0.328028;0.431128;0.550031;0.666132;0.751323;0.798687;0.822501;0.835885
93,UUUUUAAUAAGCAGGAGGCUCGCAACCUUUUGCAUGAUAAUAAAAA,46,12,18,2,0.45,7,0.9466859142983559,0.6540820845364939,0.7948493597797182,0.07430281303638336,72.10259030128665,0.07430281303638336,0.0,5.3451033740213045,0.012342;0.015741;0.020362;0.026787;0.035942;0.049325;0.069420;0.100439;0.149469;0.227280;0.344239;0.492844;0.632343;0.723415;0.767726;0.786699;0.795820;0.802029
94,UUAAUAUUAAGCAGGAGGAGAGGGUAGCCUUUUGCAUGAUUUUUUUUA,48,12,18,2,0.45,9,0.8475098654743809,0.6722604112312722,0.8695578533386699,0.04021838320999577,71.09248302240249,0.04764719761560032,0.0,5.177011277490567,0.045741;0.059728;0.077830;0.101008;0.130253;0.166443;0.210149;0.261438;0.319820;0.384626;0.456062;0.536499;0.628428;0.723723;0.800392;0.847535;0.873255;0.887884
95,AUUUUAAAAAGCAGGAGGCAUACUAACUUUUUGCAUGUAUAAUAAAU,47,12,18,2,0.557,8,0.8392550975157883,0.7042477907553879,0.8255100294708689,0.03690351059758157,69.01584886732718,0.04041740717189701,0.0,5.17713265389437,0.035146;0.047822;0.065686;0.090730;0.125272;0.171466;0.230385;0.300911;0.379286;0.460120;0.538635;0.612442;0.680704;0.740022;0.783823;0.810929;0.827227;0.838374
96,AAAUAUUAAAGCAGGAGGCGGGUUACUUUUUGCAUGUAUUUUUUUA,46,12,18,2,0.45,7,0.8039545237594621,0.6996042791883084,0.8276139665494532,0.03376301959778666,68.81217967168355,0.035728754634717974,0.0,5.083194913299176,0.067811;0.083623;0.104420;0.131725;0.167166;0.212093;0.266942;0.330569;0.400062;0.471519;0.541653;0.609179;0.674155;0.733930;0.781153;0.811807;0.829877;0.841158
97,AUUUUAUAAAGACAGGAGGUCACCAAAUCUUUUUGUCAUGUAUAAUUAUU,50,13,19,3,0.556,9,0.8927084699871717,0.6260787503396859,0.8152957518919778,0.046555896560799614,72.39971569537387,0.05268871018020721,0.0,5.072820405074566,0.030711;0.039551;0.051161;0.066434;0.086491;0.112677;0.146483;0.189392;0.242724;0.307687;0.385828;0.478939;0.584317;0.684681;0.756377;0.796475;0.818012;0.831400
98,UUAUAUAUAAGCAGGAGGCUAGUAAACUUUUUGCAUGUUUUUUUAUU,47,12,18,2,0.45,8,0.8345182497745632,0.7298329731751415,0.8153747406545749,0.040083410194920455,68.41386879008492,0.04394446356517134,0.0,5.241931170836095,0.036075;0.048909;0.067051;0.092573;0.127920;0.175457;0.236579;0.310598;0.394174;0.482063;0.568744;0.648911;0.715973;0.763345;0.791103;0.806354;0.816037;0.823733
99,UAAAAUAUUAGCAGGAGGUUAGCAACUUUUUGCAUGAUUUUAAUUA,46,12,18,2,0.555,7,0.9543638397819995,0.5660336120004922,0.8209461800162364,0.055502604008365125,73.94538638447926,0.07286896257099174,0.0,5.060258201623291,0.012009;0.015053;0.019136;0.024737;0.032587;0.043805;0.060094;0.084002;0.119303;0.171538;0.248622;0.359627;0.503941;0.649679;0.750888;0.801724;0.824656;0.836458
100,AAAAUAUUUAGCAGGAGGGAAUGCAACUUUUUGCAUGAUAAAAAUUU,47,12,18,2,0.58,8,0.7409077341856383,0.8216121697804134,0.8434511144968498,0.023963225526746068,64.10246722789711,0.05130586610665294,0.0,5.307681551564776,0.041324;0.063415;0.096694;0.144883;0.210869;0.294808;0.392397;0.495009;0.592433;0.676535;0.743090;0.791017;0.820821;0.835021;0.839589;0.841192;0.843172;0.845989
101,AUUAAAUUAAGACAGGAGGCUUGGAGAUCUUUUUGUCAUGAAUAUAAAUU,50,13,19,3,0.58,9,0.8696765688453901,0.6620397168098523,0.792555540503391,0.04800863147618767,71.21206278546641,0.049577926342164846,0.0,5.106340124780174,0.038565;0.049593;0.063955;0.082665;0.106965;0.138272;0.178031;0.227466;0.287399;0.358466;0.441811;0.537828;0.636984;0.714653;0.758695;0.780794;0.793714;0.803159
102,UAUUAUUAUAGACAGGAGGUCUACAGGUCUUUUUGUCAUGAUAUUUAAAU,50,13,19,3,0.524,9,0.9253610319601747,0.6706966386708798,0.8226352930855557,0.06079740483357152,71.6800065209334,0.06111842998119904,0.0,5.339954538895609,0.014510;0.019004;0.025419;0.034818;0.048859;0.069991;0.101501;0.147171;0.210477;0.293765;0.397860;0.519455;0.641692;0.734827;0.786813;0.811362;0.824041;0.832503
103,UAUAAAUUAAGCAGGAGGCACAAUCAACUUUUUGCAUGAAAUAUUAUU,48,12,18,2,0.531,9,0.8281939850007989,0.7397011720199856,0.8371285307808923,0.04167669446234318,68.48610327788654,0.04368009341341483,0.0,5.297891060082266,0.045486;0.058894;0.077257;0.102425;0.136612;0.182053;0.240279;0.311135;0.392114;0.478767;0.566127;0.649481;0.722585;0.777016;0.809723;0.827315;0.837968;0.846103
104,UAUAUAUUAAGCAGGAGGCGGUGAAUACUUUUUGCAUGAUAAAAUUUU,48,12,18,2,0.457,9,0.8453877056508478,0.7259604966930425,0.8479362864679293,0.0449877369253977,69.41197849476144,0.04501865468864735,0.0,5.3205122787843075,0.047556;0.058827;0.073874;0.094270;0.122121;0.159946;0.210164;0.274070;0.350683;0.436435;0.526472;0.616447;0.701253;0.770770;0.815372;0.838260;0.849546;0.856002
105,AAUAAAUUUAGCAGGAGGAUAGCAGGACUUUUUGCAUGAAUAAUUUUA,48,12,18,2,0.45,9,0.7960394117958691,0.7675749040349813,0.8513443625835047,0.036891259444327806,67.16615778266197,0.041598804446740995,0.0,5.31938511734925,0.050665;0.067475;0.091134;0.123793;0.167483;0.223453;0.291366;0.368787;0.451489;0.534687;0.614518;0.688300;0.752357;0.800372;0.829271;0.844218;0.852307;0.857508
106,AAUAUUUUAAGCAGGAGGCUAAAAUACUUUUUGCAUGAUAUUAUUUA,47,12,18,2,0.58,8,0.8161061915205057,0.7464889668527412,0.8210159677999992,0.03817569359907236,67.73848027764642,0.04314818569798612,0.0,5.255906009695524,0.040286;0.055668;0.077113;0.106676;0.146610;0.198844;0.264074;0.340786;0.424988;0.511284;0.594702;0.671053;0.734568;0.778254;0.802081;0.814067;0.821462;0.827519
107,AAUAAUAUAAGCAGGAGGGGAAUGACUUUUUGCAUGAUUUUAAAAU,46,12,18,2,0.57,7,0.9135551968965765,0.6012251469601362,0.833127634890969,0.046767982205105696,72.75848459953879,0.04722297922896673,0.0,5.067549215830438,0.025770;0.031503;0.039180;0.049678;0.064315;0.085024;0.114463;0.155860;0.212209;0.284637;0.370646;0.464182;0.558628;0.649682;0.732409;0.797085;0.838767;0.863531
108,AUUUAAUAUAGCAGGAGGCUAUAAGACUUUUUGCAUGUUAUUUUUUU,47,12,18,2,0.481,8,0.8848869408196072,0.6918375219173465,0.8125400996341482,0.04719330702013236,70.36123457377008,0.04719330702013236,0.0,5.252869824923005,0.020309;0.027879;0.039137;0.055897;0.080563;0.115926;0.164536;0.227635;0.304135;0.390636;0.482952;0.577339;0.667406;0.739518;0.783087;0.803840;0.813729;0.820051
109,UAUAAAUUAAGCAGGAGGAUUAGAGCUUUUUGCAUGUUAAAUUUUU,46,12,18,2,0.45,7,0.8575433389476795,0.6781004957327709,0.8398704546305696,0.04143413947197444,70.53310299383512,0.04160469631934849,0.0,5.174930404927424,0.042156;0.052969;0.067582;0.087359;0.114001;0.149411;0.195321;0.252633;0.320678;0.396945;0.477911;0.560780;0.643989;0.722765;0.784869;0.822815;0.842867;0.853930
110,UAAAAUAUAAGCAGGAGGCGUGACACUUUUUGCAUGAAAUAUAUUU,46,12,18,2,0.554,7,0.8349844079516157,0.7297874158219838,0.8432777555148508,0.041446471771176,68.84452162643043,0.0429805666231024,0.0,5.290033583726164,0.043826;0.056362;0.073700;0.097664;0.130434;0.174232;0.230627;0.299575;0.378719;0.463702;0.549663;0.632556;0.708052;0.769041;0.809500;0.832132;0.844732;0.852969
111,AUAUAUAUUAGCAGGAGGCGCAGAAACCUUUUGCAUGAAUUAAUAUU,47,12,18,2,0.514,8,0.9471424128545948,0.6253439239559141,0.8367536129079416,0.061644933821849046,72.87734169684654,0.06940235236297124,0.0,5.272026752226241,0.010751;0.013984;0.018529;0.025064;0.034654;0.048946;0.070433;0.102718;0.150641;0.219937;0.315821;0.439110;0.577915;0.701824;0.782526;0.822137;0.839627;0.848497
112,AUUUUUAUUAGCAGGAGGUCGUGCGGUCCUUUUGCAUGAAAUAAAAAA,48,12,18,2,0.48,9,0.8969111193653485,0.6634431844801244,0.7915312648260727,0.048255628597956124,71.03124110397884,0.048255628597956124,0.0,5.1644712038020035,0.017728;0.024721;0.035023;0.050173;0.072204;0.103545;0.146672;0.203445;0.274288;0.357676;0.450237;0.546748;0.638312;0.711473;0.757239;0.780579;0.792729;0.801286
113,UAUUAAUAAAGACAGGAGGAUCAAUAAACUUUUUGUCAUGUUAAUAAUAU,50,13,19,3,0.569,9,0.8957879865801842,0.5991960777849707,0.8511850577664631,0.04230323817417611,73.17259738007606,0.05700876203551858,0.0,5.035154745861679,0.034956;0.043268;0.053988;0.067870;0.085876;0.109201;0.139265;0.177638;0.225846;0.285115;0.356347;0.440953;0.541664;0.655682;0.758485;0.823493;0.856355;0.873707
114,AAUAUAUAAAGCAGGAGGAACUUAAGGCUUUUUGCAUGAUUAUAUAAU,48,12,18,2,0.45,9,0.8695797533845887,0.6801528875274496,0.8132379083681046,0.044576567145225454,70.46318710229566,0.044576567145225454,0.0,5.177781300484585,0.031707;0.041626;0.055330;0.074291;0.100361;0.135643;0.182108;0.240938;0.311778;0.392420;0.479353;0.568506;0.653939;0.725168;0.772998;0.799969;0.815092;0.824653
115,UAUUAUUUUAGCAGGAGGGAGAGCGAACUUUUUGCAUGAUUUAUUUUU,48,12,18,2,0.58,9,0.8736770638060906,0.7158109883333781,0.824954094529523,0.04712668952244442,69.61638974368019,0.04919220660653412,0.0,5.320724992496378,0.025732;0.034403;0.046818;0.064707;0.090439;0.126974;0.177428;0.244009;0.326397;0.420486;0.518871;0.613124;0.695375;0.757997;0.796748;0.816455;0.826291;0.832116
116,UAAAUUAAUAGCAGGAGGCUAUAUACUUUUUGCAUGAUUUAUAUUU,46,12,18,2,0.523,7,0.7526509524252308,0.750730858958277,0.8146150887121606,0.028723818603229034,65.95899877063407,0.03712223218496105,0.0,5.09431238920645,0.066348;0.088832;0.120515;0.163334;0.217981;0.283098;0.355155;0.429400;0.501478;0.568837;0.631068;0.688516;0.739010;0.776708;0.798690;0.809404;0.815079;0.819362
117,UAAUUUUAAAGCAGGAGGGACAGUACUUUUUGCAUGUAUUAAUUAU,46,12,18,2,0.472,7,0.9185647060240119,0.6216243094366495,0.8349483218526236,0.048934132199422276,72.3634288019443,0.04896000304174156,0.0,5.150161351934597,0.019045;0.024312;0.031624;0.041983;0.056907;0.078605;0.110063;0.154754;0.215625;0.293269;0.384338;0.482207;0.580127;0.672640;0.751524;0.806984;0.839582;0.858278
118,AUUUAAUAUAGCAGGAGGAAGCGUGCACCUUUUGCAUGUUAAAUUUUA,48,12,18,2,0.51,9,0.8327017612193258,0.7894377800722467,0.8481949685449289,0.03455183960124897,66.63934900976184,0.055604442122557385,0.0,5.444216673877781,0.018156;0.027246;0.042480;0.067698;0.108002;0.168639;0.252197;0.355029;0.466238;0.571851;0.661265;0.730369;0.780124;0.813537;0.833722;0.844011;0.848714;0.851860
119,UUAAAAUUUAGCAGGAGGAGCGAGGACUUUUUGCAUGAUAAAAUUUU,47,12,18,2,0.45,8,0.7930437018584325,0.7694320331724688,0.8503874515296107,0.034365338691512204,66.80636604544542,0.04312096087945058,0.0,5.307426035294736,0.047480;0.064832;0.089177;0.122830;0.168115;0.226609;0.298077;0.379622;0.465864;0.550530;0.628601;0.697332;0.754979;0.798705;0.826713;0.842385;0.851387;0.857390
120,UAAUAUUUUAGACAGGAGGAACCAGAAACUUUUUGUCAUGAUUUUAUAUA,50,13,19,3,0.509,9,0.8681763432234262,0.6907575627374295,0.8319612509218447,0.04807358200332543,70.56765835101967,0.04807358200332543,0.0,5.248861579055209,0.038927;0.048886;0.062158;0.079991;0.104042;0.136359;0.179167;0.234328;0.302554;0.382822;0.472711;0.568858;0.663645;0.740890;0.789638;0.816862;0.833557;0.845464
121,AUAAUUUAUAGCAGGAGGCGUUAAAACUUUUUGCAUGAUAUUAAUAA,47,12,18,2,0.47,8,0.8629286074730671,0.7314915752631964,0.8433106940522516,0.04626869227095848,69.30255237592915,0.047273385253149086,0.0,5.370372750897935,0.028349;0.037992;0.051747;0.071521;0.099871;0.139799;0.194023;0.263627;0.346713;0.438424;0.532971;0.625508;0.709919;0.775432;0.815108;0.834890;0.844686;0.850357
122,UUAUAUUUAAGCAGGAGGACUAUAAGACUUUUUGCAUGUAAAAUAUAU,48,12,18,2,0.58,9,0.8952120616733552,0.6776951986705609,0.8310349431147673,0.05318377799300206,71.29486603419755,0.05442301619933465,0.0,5.282797246002552,0.026445;0.034294;0.044861;0.059241;0.078974;0.106118;0.143195;0.192842;0.257120;0.336789;0.431134;0.537502;0.646348;0.736050;0.790881;0.818434;0.832823;0.841848
123,UUAUAUUAUAGCAGGAGGAUACAAUGGCUUUUUGCAUGUAAAUUAUAU,48,12,18,2,0.513,9,0.8975878755192137,0.6158233670043387,0.851570965058654,0.043098398848824965,72.69064326603664,0.05279206791622304,0.0,5.092395895034724,0.027786;0.035826;0.046584;0.061039;0.080456;0.106371;0.140471;0.184306;0.238870;0.304274;0.380026;0.466222;0.564037;0.669621;0.763412;0.824823;0.856813;0.873077
124,AAAUUUAUUAGCAGGAGGCGGCAAACCUUUUGCAUGUAAAUAAUAA,46,12,18,2,0.58,7,0.941542871028772,0.5914440684890251,0.8161657363708774,0.05403220145432183,73.28659343126681,0.06017747527338857,0.0,5.097795357898223,0.013018;0.016686;0.021797;0.029091;0.039702;0.055315;0.078341;0.111998;0.160166;0.226774;0.314512;0.422576;0.542931;0.657067;0.743203;0.794307;0.820362;0.833828
125,UAAAAUAUUAGCAGGAGGCACCAAACUUUUUGCAUGAUAUUAUUUU,46,12,18,2,0.484,7,0.8621746269986718,0.676653194479618,0.8210227726924276,0.04745708114269978,70.90892944833648,0.047931865111866534,0.0,5.175671321045638,0.049770;0.060096;0.073455;0.090842;0.113576;0.143355;0.182214;0.232234;0.294886;0.370258;0.456865;0.551779;0.647643;0.727966;0.779225;0.806714;0.822552;0.833803
126,AAAUUUAUAAGGCAGGAGGCCAGGGCACUUUUUGCCAUGUAAUUAAAAA,49,13,19,3,0.544,8,0.8504657917527052,0.6945194459587166,0.817661543664466,0.05057150903757565,70.34737003306593,0.05057150903757565,0.0,5.213268273028562,0.050461;0.064238;0.081501;0.102859;0.128990;0.160779;0.199633;0.247954;0.309393;0.387688;0.482433;0.583576;0.673559;0.739649;0.781294;0.805351;0.819270;0.828364
127,AAAUAUUAAAGCAGGAGGACUAGCAUACUUUUUGCAUGAUUAUAUAUU,48,12,18,2,0.58,9,0.8331020923201984,0.7160724251660336,0.8373343970245971,0.041141040085704295,69.15725287930147,0.041895126476255956,0.0,5.23498721601821,0.046870;0.060561;0.078935;0.103504;0.136020;0.178247;0.231506;0.296033;0.370406;0.451517;0.535307;0.617589;0.693384;0.755412;0.797905;0.823343;0.838909;0.849752
128,UAAUAAUUUAGCAGGAGGGGAUCGGUACUUUUUGCAUGAUAUAUUUAA,48,12,18,2,0.541,9,0.9172671869696447,0.6128839562011695,0.8091342216658942,0.050650534587649315,72.78604539360249,0.05602881534768725,0.0,5.089489713392236,0.026013;0.031362;0.038560;0.048430;0.062187;0.081583;0.109018;0.147458;0.199984;0.268868;0.354658;0.455959;0.568016;0.675220;0.752340;0.793055;0.812141;0.822207
129,AUUAAAUUAAGCAGGAGGACGAAAAUGCUUUUUGCAUGAAUUAUAAUA,48,12,18,2,0.58,9,0.8640717391520718,0.6952007423737312,0.85438015671235,0.04208208897290086,70.04362621704902,0.042254460144169725,0.0,5.263644296385465,0.027080;0.037616;0.052689;0.073990;0.103503;0.143237;0.194707;0.258228;0.332305;0.413655;0.498164;0.582328;0.663609;0.737875;0.796991;0.835453;0.857373;0.870314
130,UUAAAAAAUAGCAGGAGGGCGGCGGACUUUUUGCAUGUUUUAAUAUA,47,12,18,2,0.548,8,0.9322440946185123,0.5926800807101403,0.8476953401281154,0.05065476426352486,73.35337854381883,0.05908805558426844,0.0,5.1166904986137185,0.018026;0.022732;0.029010;0.037555;0.049424;0.066201;0.090165;0.124359;0.172331;0.237307;0.320916;0.422225;0.537159;0.655336;0.756000;0.820988;0.853616;0.868481
131,AUAAUAUUAAGCAGGAGGAUAAAGGACUUUUUGCAUGUUUUAAAAUU,47,12,18,2,0.58,8,0.8783589144814481,0.6934373922641714,0.8669803255270141,0.04346356857263575,70.19789132766687,0.04525137271878821,0.0,5.311354768336474,0.025526;0.033844;0.045664;0.062655;0.087149;0.122095;0.170552;0.234450;0.312836;0.400896;0.491399;0.578326;0.659702;0.735479;0.800243;0.845094;0.870768;0.885079
132,UAUUUAUUAAGCAGGAGGGAUGAAUAACUUUUUGCAUGUAAAAAAAUA,48,12,18,2,0.45,9,0.9296514186457029,0.6177817048381602,0.8619603814859492,0.05184757616415653,72.93973620611396,0.060352568154479536,0.0,5.212978828691436,0.017416;0.022060;0.028403;0.037253;0.049836;0.067974;0.094218;0.131808;0.184170;0.253819;0.341219;0.444915;0.562151;0.682856;0.781206;0.839094;0.866690;0.880097
133,AAUUUUAAUAGCAGGAGGACAUUUGCACUUACUGCAUGAAUUAUUAUU,48,12,18,2,0.507,9,0.6196884914737266,0.7808137464752943,0.8363263794254646,0.026745116238557742,63.99379717877829,0.029400739397522357,0.0,4.943288256465764,0.260539;0.277149;0.298270;0.325027;0.358425;0.399038;0.446673;0.500166;0.557517;0.616319;0.674053;0.727543;0.771981;0.802882;0.820849;0.830787;0.836937;0.841255
134,AAAUAUAAUAGACAGGAGGUACAGAGAACUUUUUGUCAUGAAUUUUAAAA,50,13,19,3,0.45,9,0.9521031558914008,0.6114180510349352,0.8721396676999883,0.058977028896364025,73.34045212564818,0.07339050621989401,0.0,5.282578082023046,0.011175;0.014109;0.018128;0.023793;0.032011;0.044240;0.062772;0.091045;0.133797;0.196718;0.285346;0.403300;0.547580;0.694361;0.800432;0.853530;0.876116;0.886773
135,UUAUUUAUUAGCAGGAGGAUUGGAACUUUUUGCAUGUAAUUUAAAU,46,12,18,2,0.58,7,0.8667284770545419,0.6627635344662635,0.8318310736253743,0.043105028242023696,71.12702593567548,0.044349775153431414,0.0,5.141914280914031,0.044978;0.054426;0.067019;0.083965;0.106865;0.137680;0.178484;0.230877;0.295148;0.369675;0.451420;0.537630;0.626329;0.710892;0.776203;0.814833;0.834850;0.845811
136,UAAUUAAUUAGCAGGAGGCCGCGAACCUUUUGCAUGUAUAUAAAAA,46,12,18,2,0.58,7,0.9542371408731756,0.5401596676113787,0.7956818657435875,0.051322431427340165,74.30320134531668,0.06651278864150642,0.0,4.927765808905229,0.011681;0.014722;0.018805;0.024419;0.032322;0.043688;0.060310;0.084848;0.121069;0.173936;0.249254;0.351899;0.479833;0.612859;0.716047;0.773939;0.800368;0.812739
137,UAUUUAUUAAGCAGGAGGAAUCGGAGCUUUUUGCAUGUAUAAAUAUU,47,12,18,2,0.45,8,0.8987012048296487,0.646835774878794,0.8195407089134261,0.045078652220411186,71.4447935731216,0.045078652220411186,0.0,5.147535406547464,0.020243;0.027121;0.036941;0.051104;0.071570;0.100857;0.141752;0.196510;0.265591;0.346645;0.434871;0.525028;0.612910;0.693067;0.756339;0.797707;0.822484;0.838431
138,UAUUUUAAAAGCAGGAGGAGAGAAACUUUUUGCAUGAAAAAUUAAU,46,12,18,2,0.45,7,0.824598957124553,0.7000748217083357,0.8885428798889555,0.03793000318803069,69.70027198658312,0.03828061013812262,0.0,5.233956711959669,0.062708;0.076546;0.094509;0.117877;0.148171;0.186987;0.235594;0.294315;0.361903;0.435459;0.511377;0.587237;0.663234;0.739795;0.810032;0.861748;0.892946;0.910935
139,UAAUAAUUAAGACAGGAGGUAUUGAGGACUUUUUGUCAUGUAAAUUAAUU,50,13,19,3,0.481,9,0.9495856662976222,0.6429766688045051,0.8504607941690142,0.06631743600652379,72.78266334414646,0.0783375132641144,0.0,5.3690622742883765,0.011478;0.014592;0.018873;0.024912;0.033660;0.046632;0.066221;0.096053;0.141308;0.208734;0.306053;0.438688;0.595363;0.730610;0.807245;0.839539;0.852775;0.859068
140,UAUUAUUAUUGCAGGAGGUGGUGCAACUUUUUGCAUGUAUAUUUUUU,47,12,18,2,0.509,8,0.9395078665354525,0.6214779784358038,0.8154462394803764,0.05694170094812015,72.7382960017178,0.061907468582797026,0.0,5.194385831391362,0.011523;0.015084;0.020230;0.027822;0.039183;0.056275;0.081850;0.119445;0.173016;0.246071;0.340411;0.454294;0.578109;0.689281;0.764228;0.802150;0.818483;0.825705
141,UAAUUUUUAAGCAGGAGGGACAGCUACUUUUUGCAUGAUAAUUUAUU,47,12,18,2,0.461,8,0.9378156212181519,0.5679679421662905,0.7956720279876902,0.04751599908658369,73.64287060146266,0.05378867077126975,0.0,4.9631071072630455,0.013056;0.016985;0.022519;0.030474;0.042091;0.059197;0.084300;0.120449;0.170590;0.236459;0.317755;0.412787;0.518958;0.626536;0.713590;0.768085;0.799413;0.819518
142,AUAUUAAUAAGCAGGAGGCGCUAUAGACUUUUUGCAUGUUUUAUAUUA,48,12,18,2,0.45,9,0.8880283064593608,0.7423197332216948,0.8447512910998559,0.05285076608475647,69.4836201291026,0.05431754850391651,0.0,5.481545813572616,0.018015;0.024489;0.034243;0.049188;0.072166;0.106998;0.157913;0.227964;0.316769;0.419413;0.528048;0.633750;0.724750;0.788228;0.822551;0.838271;0.845750;0.850233
143,UAAUUAUUAAGACAGGAGGCGUAAAAUCUUUUUGUCAUGAUUUUAAUUA,49,13,19,3,0.58,8,0.847514310303255,0.6754539613372235,0.8503536392618588,0.038126676188144,70.59622329508589,0.042413722549770716,0.0,5.149427668263545,0.038487;0.051885;0.070012;0.094221;0.125899;0.166165;0.215440;0.273053;0.337210;0.405673;0.477268;0.553521;0.637133;0.721960;0.789202;0.830320;0.853386;0.867355
144,AUUUAUAAUAGCAGGAGGGGGGGCAGACUUUUUGCAUGAAUUAUAAUA,48,12,18,2,0.485,9,0.8721190379681938,0.7367028129204881,0.8941364996292994,0.052858133277370906,70.04443733613164,0.052858133277370906,0.0,5.506983797251285,0.039328;0.047187;0.058215;0.073856;0.096143;0.127734;0.171673;0.230703;0.306089;0.396470;0.497651;0.603367;0.705005;0.790205;0.848234;0.880358;0.896600;0.905452
145,AUAUAAAUAAGCAGGAGGAUCAAUGUGCUUUUUGCAUGAAUUUAUAAA,48,12,18,2,0.58,9,0.8058143570089822,0.6985947747920659,0.813414263503629,0.030543576288590224,68.13816221043717,0.03702559269212169,0.0,5.049708738803966,0.049654;0.065613;0.088117;0.119272;0.160973;0.214131;0.277835;0.349012;0.423063;0.495350;0.562659;0.623746;0.678571;0.726520;0.765542;0.794440;0.815096;0.830707
146,UAAUAAUUAAGACAGGAGGGGCACAAAACUUUUUGUCAUGAUUUAAUUUA,50,13,19,3,0.466,9,0.9194976607665831,0.6757019035511609,0.8750036206618964,0.06048429246943962,71.94923603414675,0.06470437586432537,0.0,5.420543633057251,0.025317;0.030224;0.036801;0.045850;0.058647;0.077176;0.104399;0.144358;0.201749;0.280571;0.382102;0.503070;0.632479;0.746361;0.820897;0.858811;0.877548;0.888652
147,UUAUUUAAUAGCAGGAGGCGGUGAACUUUUUGCAUGAUAUAAUUUA,46,12,18,2,0.45,7,0.818141004017511,0.7175770697770935,0.8425483442386937,0.03810716056496921,68.87537032676401,0.039254240303226245,0.0,5.20526437598422,0.059229;0.073340;0.092176;0.117340;0.150699;0.194059;0.248554;0.313826;0.387508;0.465638;0.544146;0.620361;0.692408;0.755559;0.801980;0.829637;0.844611;0.853397
148,UUAAUAAUUAGACAGGAGGAGACAGGAGCUUUUUGUCAUGUUAUUAAUUU,50,13,19,3,0.465,9,0.8410900730135648,0.6913627780778897,0.8585677538012688,0.0398474850520337,70.02757698399674,0.0398474850520337,0.0,5.203510051170836,0.052483;0.064737;0.080776;0.101997;0.130177;0.167301;0.215091;0.274201;0.343427;0.419622;0.498901;0.578596;0.657777;0.733354;0.795724;0.837315;0.861761;0.876628
149,AAAUUUUUUAGACAGGAGGUAAACAGCGCUUGCUGUCAUGUUUUAUAUAU,50,13,19,3,0.488,9,0.7667427634316407,0.6590731369882181,0.8420110195157001,0.039566465064995116,71.48641022594911,0.048536928895090536,0.0,4.931987327361467,0.181845;0.186984;0.194091;0.203893;0.217307;0.235418;0.259412;0.290491;0.329874;0.379155;0.441188;0.520321;0.616766;0.713839;0.785367;0.825277;0.845130;0.855626
150,UAAUUUAAUAGCAGGAGGCACGUACGACUUUUUGCAUGAAUAAAUUAU,48,12,18,2,0.58,9,0.9015071495106052,0.7037028611943941,0.8539638827673203,0.055874448863331566,70.83712700770928,0.055874448863331566,0.0,5.4185665022087,0.021169;0.027681;0.036836;0.049924;0.068838;0.096203;0.135288;0.189461;0.261037;0.349949;0.453226;0.564975;0.673839;0.761164;0.814834;0.841898;0.855702;0.864292
151,UAAUAAAAUAGCAGGAGGGUUAAAGCACUUUUUGCAUGAAUAAAUAUU,48,12,18,2,0.45,9,0.9339976760560436,0.6286850807129731,0.8543987097477682,0.057733706608593394,72.93273911261312,0.06887096082102986,0.0,5.266583485307033,0.019035;0.023433;0.029294;0.037279;0.048395;0.064163;0.086813;0.119464;0.166145;0.231521;0.320294;0.435761;0.573503;0.707182;0.798294;0.841251;0.857734;0.864211
152,UAAAAUAAUAGCAGGAGGCUCGUAAUCUUUUUGCAUGUUAAAUAUUU,47,12,18,2,0.485,8,0.8432318715804243,0.6845063152653427,0.7880142457346949,0.039964862964648296,69.7654873138796,0.039964862964648296,0.0,5.081863509417512,0.036666;0.049964;0.068318;0.093353;0.126781;0.169982;0.223425;0.286211;0.356212;0.431040;0.509160;0.589090;0.664826;0.724074;0.760035;0.778676;0.789022;0.796345
153,UAUUAAAUAAGCAGGAGGCGGCACAUACUUUUUGCAUGAAUAAAAUAA,48,12,18,2,0.534,9,0.8242191025237193,0.7471126655841228,0.8486018509065336,0.04065747283679788,68.2783521951431,0.043292371263666335,0.0,5.325308869506799,0.045197;0.059047;0.078135;0.104375;0.139995;0.187148;0.247155;0.319543;0.401433;0.488017;0.574114;0.655429;0.727645;0.784446;0.820930;0.840145;0.849865;0.855796
154,UUAAAAUUUAGCAGGAGGCUGUUUACGCUUUUUGCAUGAAAAAAUUUA,48,12,18,2,0.559,9,0.9497076606841058,0.5835666986634386,0.7202756048679677,0.06470265151625523,72.99622762719747,0.06470265151625523,0.0,4.9893394307255,0.011317;0.014504;0.018903;0.025102;0.034009;0.047033;0.066373;0.095494;0.139897;0.207877;0.308363;0.437768;0.562703;0.645954;0.687841;0.708210;0.720904;0.731713
155,AAUUUUAUAAGCAGGAGGCAACCAGACUUUUUGCAUGUAAUUUUUUU,47,12,18,2,0.532,8,0.9086547372587587,0.6552429559774162,0.8174551023783341,0.049961613657151765,71.44103756084873,0.049961613657151765,0.0,5.209067450645874,0.019258;0.025164;0.033470;0.045381;0.062721;0.088115;0.124973;0.176891;0.246135;0.331589;0.428003;0.527927;0.623710;0.705639;0.763697;0.798485;0.819520;0.834360
156,AUAUAAUAUUGCAGGAGGUGCAAACUGCUUUUUGCAUGAUAUAAUAAU,48,12,18,2,0.478,9,0.8709716410631372,0.6869046857156187,0.8183190287365559,0.05148317291846635,70.76025065062264,0.05148317291846635,0.0,5.23606857405183,0.037296;0.048109;0.062298;0.080848;0.104963;0.136080;0.175876;0.226287;0.289499;0.367589;0.460860;0.563826;0.661872;0.737578;0.784342;0.808564;0.820174;0.826219
157,AAUUUUUAAAGCAGGAGGCUAACAACUUUUUGCAUGUAAUAUAAUU,46,12,18,2,0.58,7,0.8227034999682363,0.7263274322753895,0.8184009816435389,0.03976517374850397,68.5471762169478,0.04183104130700471,0.0,5.211051464221965,0.052203;0.065514;0.083798;0.108895;0.142963;0.188095;0.245583;0.314990;0.393628;0.477111;0.560773;0.640303;0.709977;0.761947;0.793082;0.809449;0.819114;0.826639
158,UUUUAAAUAAGCAGGAGGCGCAAUAACUUUUUGCAUGUAUUAUAUUA,47,12,18,2,0.554,8,0.8016409609512454,0.7647478768606757,0.8545414004880706,0.03229149372100232,66.73810185400883,0.04507046720145941,0.0,5.308503628100634,0.037661;0.053332;0.076207;0.109085;0.154936;0.215880;0.291623;0.378183;0.468324;0.554155;0.630226;0.694809;0.748611;0.791958;0.823614;0.843779;0.855910;0.863935
159,UAAAAUUUUAGCAGGAGGCUUGAGACACUUUUUGCAUGAAAAUUAAAU,48,12,18,2,0.58,9,0.8469826177456616,0.7239353842276832,0.8010419988359968,0.04692788804523851,69.08739584820255,0.048021821261413994,0.0,5.255045938609323,0.040081;0.051617;0.067463;0.089312;0.119280;0.159699;0.212602;0.278969;0.358133;0.447781;0.543825;0.637681;0.713798;0.760678;0.783584;0.794642;0.801474;0.807010
160,UAUAAUAAAAGCAGGAGGUUAACGGUCUUUUUGCAUGAUAAUUUAUA,47,12,18,2,0.484,8,0.8925000900424485,0.6658127770728309,0.822793775646852,0.04372399671961777,70.90507356011581,0.04372399671961777,0.0,5.191525161652138,0.018014;0.024912;0.035171;0.050533;0.073423;0.106822;0.153593;0.215129;0.289902;0.373408;0.460427;0.547875;0.633959;0.711777;0.769640;0.805007;0.825384;0.837990
161,AAUAUUUUAAGCAGGAGGUAGGAGAGGCUUUUUGCAUGAAUAAUUUAU,48,12,18,2,0.495,9,0.9396337187508624,0.6498920212893913,0.8567068738353769,0.06086139473744723,72.47440034504443,0.06726298231094766,0.0,5.357449391072753,0.012814;0.016463;0.021562;0.028879;0.039640;0.055773;0.080196;0.116974;0.170996;0.246740;0.346368;0.468090;0.602616;0.724542;0.804319;0.842752;0.859523;0.867845
162,UUAUUUAAAAGACAGGAGGAACGCAAACUUUUUGUCAUGUAUAUAUUUA,49,13,19,3,0.45,8,0.8868456205342687,0.6952878544445719,0.8719245565287991,0.04713958568338114,70.53594384361608,0.04713958568338114,0.0,5.355999981928976,0.024106;0.031873;0.042818;0.058432;0.080830;0.112788;0.157439;0.217321;0.292782;0.380630;0.474736;0.569015;0.659845;0.743108;0.809183;0.851374;0.875128;0.889272
163,AUUUUAUUAAGCAGGAGGAUCGGGCAACCUAUUGCAUGUAUAUAUAAU,48,12,18,2,0.46,9,0.6283646186798666,0.7498493105479749,0.8545141989354108,0.028727064292862536,65.52500887974547,0.029784339900855272,0.0,4.902956724578224,0.272162;0.287598;0.306662;0.329762;0.357210;0.389150;0.425524;0.466088;0.510562;0.558918;0.611634;0.669088;0.728657;0.781812;0.819840;0.842723;0.856104;0.864716
164,AUAUAUAUUAGCAGGAGGUGCGGUGCUUUUUGCAUGAUAAUAUAAU,46,12,18,2,0.548,7,0.9155346427556424,0.7001500703430876,0.8267362904286686,0.05799307597902628,70.6518214391565,0.05799307597902628,0.0,5.403596236099657,0.014330;0.019052;0.026023;0.036553;0.052700;0.077532;0.115243;0.170727;0.248030;0.347417;0.462199;0.578185;0.678214;0.750369;0.793832;0.816643;0.828328;0.835237
165,AUUAAAAUUAGCAGGAGGACGACAGACUUUUUGCAUGAAUUAAAAUA,47,12,18,2,0.51,8,0.9034025042199071,0.6653738277577794,0.8454574766366024,0.0492668078757508,71.37785967670025,0.0492668078757508,0.0,5.268179938171059,0.020992;0.027540;0.036665;0.049592;0.068125;0.094784;0.132719;0.185117;0.253842;0.337739;0.432117;0.530651;0.627819;0.716934;0.786092;0.827753;0.848799;0.859820
166,AUAAAUUUAAGCAGGAGGUAUCAGCAGCUUUUUGCAUGAAUUUAAAUU,48,12,18,2,0.45,9,0.9471874653139544,0.6695672227262562,0.8192062592896612,0.07026815474508724,71.78585586967748,0.07026815474508724,0.0,5.412958606721518,0.011124;0.013916;0.017740;0.023228;0.031538;0.044796;0.066746;0.103392;0.162832;0.252766;0.374511;0.515048;0.644777;0.735038;0.783406;0.806973;0.820388;0.830258
167,AUUUUUUAAAGCAGGAGGUGGCAGAGACUUUUUGCAUGUUUAAUUAUU,48,12,18,2,0.466,9,0.9123605544144373,0.6762756758764121,0.8481687437674927,0.054234404302987066,71.3768559359266,0.054234404302987066,0.0,5.342738869321298,0.016406;0.022052;0.030206;0.042102;0.059521;0.084911;0.121356;0.172185;0.240016;0.325332;0.425327;0.533796;0.641073;0.733175;0.797059;0.832706;0.850861;0.860939
168,AUAUAUUAUAGCAGGAGGUGAUGCGAACUUUUUGCAUGUAUAUAAAAU,48,12,18,2,0.525,9,0.9340509917787091,0.6951201812855947,0.842405168507535,0.0668869537464632,71.37828354499007,0.0668869537464632,0.0,5.484618095161357,0.011083;0.014577;0.019772;0.027693;0.039970;0.059093;0.088670;0.133509;0.199175;0.290442;0.407811;0.541585;0.667902;0.760024;0.810970;0.833945;0.843959;0.849311
169,UAUUAUUUUAGCAGGAGGGGAUGGCACUUUUUGCAUGAUUAUUUAAU,47,12,18,2,0.535,8,0.9416958212173855,0.5695385714751673,0.8116174938471062,0.05079729893422949,73.79806093379214,0.06346552767145563,0.0,5.01262279336785,0.015273;0.019236;0.024559;0.031861;0.042078;0.056612;0.077497;0.107510;0.150112;0.209093;0.288028;0.389622;0.512396;0.639328;0.736808;0.790715;0.815889;0.828248
170,UAUAUAAUAAGCAGGAGGCCGAAAGAACUUUUUGCAUGAUUAAAUAUA,48,12,18,2,0.463,9,0.8306953314589018,0.7474985357742573,0.8403773443903163,0.04687634527339368,68.76034093926256,0.048279641194474976,0.0,5.351957667919624,0.062093;0.072259;0.086553;0.106624;0.134656;0.173256;0.224980;0.291393;0.371927;0.463291;0.559850;0.653603;0.732952;0.786991;0.816448;0.831607;0.841016;0.848510
171,UAAAUUAUUAGCAGGAGGCUCAGAGAUCUUUUUGCAUGUAAUAUAAUA,48,12,18,2,0.523,9,0.874073694705374,0.6983398611117361,0.8020127046083179,0.04961960467063439,70.14597778446236,0.04961960467063439,0.0,5.24466444834097,0.025767;0.035285;0.048778;0.067837;0.094437;0.130735;0.178642;0.239265;0.312591;0.397706;0.492757;0.591996;0.680959;0.743214;0.777191;0.793795;0.802890;0.809353
172,UAUAUAUAUAGCAGGAGGCUGGACAAACUUUUUGCAUGUAAUUUAAAA,48,12,18,2,0.541,9,0.867698201464256,0.6957136054712229,0.7744113522125549,0.047192814283253004,69.6583422227301,0.049114550658739764,0.0,5.172925504794025,0.030598;0.040110;0.053422;0.072184;0.098577;0.135196;0.184623;0.248644;0.327362;0.418551;0.516780;0.611166;0.685838;0.731513;0.754338;0.766129;0.774518;0.782587
173,AAAAUUAUAAGCAGGAGGGACAACAACUUUUUGCAUGUAUAAAAUAA,47,12,18,2,0.45,8,0.9485196080354221,0.5512722436624813,0.8406925254945432,0.04992123931120085,74.05364628434344,0.055533687251946795,0.0,5.011579692544906,0.011927;0.015175;0.019621;0.025859;0.034841;0.048083;0.067934;0.097814;0.142069;0.204872;0.287830;0.387672;0.497021;0.608088;0.712308;0.795692;0.848678;0.877708
174,AAAAAUAUAAGCAGGAGGCAGCGGGACUUUUUGCAUGAAUUUUAAAA,47,12,18,2,0.535,8,0.8592792848740225,0.7308272490031745,0.8499737656325079,0.044178315687887826,69.08713415237511,0.04697622824701306,0.0,5.362714227957882,0.028388;0.038380;0.052706;0.073319;0.102783;0.144062;0.199815;0.271100;0.355934;0.448931;0.542883;0.631240;0.708842;0.770564;0.812664;0.837418;0.851611;0.860893
175,AUAUUAAAAAGCAGGAGGGAAAUAGACUUUUUGCAUGUAAUAAUAAU,47,12,18,2,0.58,8,0.9414246334993167,0.6156882191355962,0.8706676550433082,0.05533977745069357,72.83621940994817,0.056952907965320626,0.0,5.257274516773159,0.012203;0.015674;0.020525;0.027500;0.037815;0.053435;0.077411;0.114076;0.168538;0.244667;0.341695;0.452375;0.566281;0.674882;0.769215;0.837222;0.876768;0.898013
176,UUAAUUAAUAGCAGGAGGAGCGCAACUUUUUGCAUGAAAUUUAUAA,46,12,18,2,0.58,7,0.7560583901858293,0.779343578648747,0.8809679321623558,0.03213803270798482,66.19514774263868,0.03849256758871797,0.0,5.300151545393373,0.075786;0.097131;0.125856;0.163766;0.212258;0.271657;0.340570;0.415732;0.492717;0.567354;0.637102;0.701378;0.759909;0.809776;0.846311;0.869098;0.882562;0.891244
177,UAAAUAUAAAGACAGGAGGCACUCAGGACUUUUUGUCAUGAUAUAUUAUA,50,13,19,3,0.45,9,0.898905555799962,0.6642225245428874,0.8007905507682106,0.051981902156640475,71.20893429103376,0.051981902156640475,0.0,5.199592120007464,0.021552;0.028816;0.039023;0.053403;0.073621;0.101809;0.140482;0.192204;0.258941;0.341196;0.437157;0.541121;0.639953;0.715245;0.760571;0.785941;0.802143;0.814287
178,UAAUAAAAUAGACAGGAGGAGACAAGGACUUUUUGUCAUGAUAAUAAAAU,50,13,19,3,0.547,9,0.6486198094711629,0.8118339575970392,0.8895183464143219,0.019488492301398874,62.43660400927521,0.03785214901953904,0.0,5.144972980560523,0.120967;0.159447;0.207963;0.266734;0.334513;0.408372;0.484077;0.557018;0.623330;0.680660;0.728381;0.767358;0.799572;0.827543;0.852863;0.874571;0.891079;0.902906
179,UUUUUUAAAAGCAGGAGGGCGGAAACUUUUUGCAUGUAAUUUAAUU,46,12,18,2,0.58,7,0.8940477561623524,0.7070139600083551,0.8815349248538888,0.05118703873624886,70.50373837000724,0.05118703873624886,0.0,5.4361879345755995,0.022496;0.029470;0.039333;0.053489;0.073986;0.103658;0.145998;0.204437;0.280704;0.372770;0.474215;0.576589;0.672843;0.757031;0.821592;0.862404;0.884827;0.897374
180,UUUUAUUUAAGCAGGAGGGCUGACAACUUUUUGCAUGAUUUUUAUAU,47,12,18,2,0.466,8,0.9246417935287204,0.6714248109943249,0.809440999884659,0.05872386335785687,71.33631953638854,0.05872386335785687,0.0,5.312614973298832,0.013239;0.017488;0.023696;0.032997;0.047183;0.068977;0.102196;0.151466;0.220981;0.312204;0.421526;0.538974;0.647355;0.726956;0.772415;0.795998;0.810500;0.821825
181,AUAAUAAUUAGCAGGAGGCGUUGAUUACUUUUUGCAUGAUUAUUUUAA,48,12,18,2,0.556,9,0.8689530986151531,0.6792108319408852,0.827082942751325,0.04843920795030196,71.13815548632553,0.0519421423946696,0.0,5.209919938981157,0.043243;0.053501;0.066823;0.084245;0.107102;0.137025;0.175828;0.225235;0.286422;0.359697;0.444869;0.541747;0.645631;0.736612;0.792853;0.818437;0.828996;0.833816
182,AAUAUAUAUAGCAGGAGGAAGGGCAGGCUUUUUGCAUGAAUAAUAAAA,48,12,18,2,0.467,9,0.6885270194555483,0.762508468085185,0.8777841350010712,0.0260171828279529,65.18875878062444,0.030449255354402655,0.0,5.08532437698007,0.146090;0.173580;0.206827;0.246515;0.292907;0.345583;0.403250;0.463803;0.524702;0.583620;0.639135;0.691169;0.740730;0.788108;0.830027;0.861124;0.880442;0.891787
183,AAUAAUUUAAGCAGGAGGUAGUCAAAUCUUUUUGCAUGUAUAUUAAAA,48,12,18,2,0.45,9,0.8817108627896626,0.637331056694543,0.8076194087743018,0.043521692039301535,71.80598672480791,0.046100803745792174,0.0,5.060930776981613,0.032876;0.042318;0.054860;0.071599;0.093951;0.123603;0.162311;0.211476;0.271609;0.342046;0.421400;0.508444;0.600645;0.687688;0.752547;0.790301;0.810403;0.822155
184,AUAUAAAAUAGCAGGAGGGCAUUGGACUUUUUGCAUGUAUUAUUUAU,47,12,18,2,0.517,8,0.9363226270723601,0.6209230496083635,0.8317677912486828,0.0550545778961358,72.7866427434262,0.05996714520419913,0.0,5.2032844014273785,0.013957;0.017923;0.023436;0.031294;0.042756;0.059754;0.085110;0.122570;0.176296;0.249513;0.342718;0.452827;0.572762;0.686922;0.771182;0.816269;0.835517;0.843518
185,UAUAUAUUAAGCAGGAGGCCGGGUCGACUUUUUGCAUGAUAAAUAAUU,48,12,18,2,0.546,9,0.9223849846426487,0.6479931486053709,0.8193818337200368,0.05722635576908999,72.1346730858594,0.060006257744364716,0.0,5.2467275887578255,0.018801;0.024139;0.031356;0.041302;0.055278;0.075253;0.104051;0.145330;0.203026;0.280156;0.377466;0.491919;0.611931;0.712822;0.775300;0.806092;0.821349;0.830705
186,AUAAAAAUUAGCAGGAGGAAUGUUAGCUUUUUGCAUGAUUUAAUUUA,47,12,18,2,0.512,8,0.8746125807997354,0.6752715445133782,0.8246839431750465,0.041818512122010765,70.53587325963007,0.041818512122010765,0.0,5.179339758390218,0.024168;0.033321;0.046546;0.065597;0.092659;0.130066;0.179652;0.241795;0.314682;0.394607;0.477591;0.561228;0.643942;0.719604;0.776313;0.809688;0.827205;0.837158
187,AAAUAUUAUAGCAGGAGGAGUGCGAUCUUUUUGCAUGAUAUUUUUAU,47,12,18,2,0.469,8,0.9581608759255799,0.6103505302891289,0.8240922588410253,0.06322487038929842,73.02646262391582,0.0665151712766521,0.0,5.236411212537278,0.009616;0.011859;0.014860;0.019077;0.025368;0.035362;0.052051;0.080479;0.127880;0.201805;0.305275;0.431725;0.564755;0.681876;0.763046;0.806581;0.827257;0.838438
188,AAUAUAUUUAGCAGGAGGGCACGCGGACUUUUUGCAUGUAUUAUUUUU,48,12,18,2,0.508,9,0.8945008656895646,0.69077851443803,0.8352059958593178,0.053708301230782934,70.9958565847823,0.053708301230782934,0.0,5.328979473405327,0.025329;0.032733;0.043037;0.057476;0.077738;0.106023;0.144959;0.197246;0.264951;0.348609;0.446514;0.553931;0.660372;0.747550;0.801261;0.826426;0.837014;0.842178
189,AAAUUAAUAAGACAGGAGGAACGUGCAGCUUUUUGUCAUGAUAUUAUAAA,50,13,19,3,0.507,9,0.848858718264769,0.6962474646093473,0.8588501526545786,0.04006839031580367,69.89341345287194,0.04016587480388553,0.0,5.235008620602662,0.038499;0.050708;0.067391;0.090096;0.120627;0.160800;0.211947;0.274217;0.345986;0.423949;0.504281;0.584418;0.663472;0.738224;0.798876;0.838530;0.861774;0.876247
190,AAUAAUAAUAGCAGGAGGGCGAGCAAACUUUUUGCAUGAAAUAUUUAA,48,12,18,2,0.52,9,0.7905283280346306,0.8210023403165723,0.885988749014075,0.03926889230529351,66.32783279592596,0.048396608069851244,0.0,5.530122369761265,0.046537;0.063603;0.087638;0.121083;0.166572;0.226287;0.300903;0.388488;0.484134;0.580927;0.671737;0.750275;0.811052;0.850796;0.871886;0.881538;0.886414;0.890014
191,UUAAAUUAAAGCAGGAGGCCCCGAGACUUUUUGCAUGUUAAAUUUUU,47,12,18,2,0.53,8,0.8845543073178065,0.6794678645068023,0.7577764975965454,0.047692547832451804,69.94115100083489,0.05075193891670368,0.0,5.134947145880645,0.022241;0.029863;0.040861;0.056905;0.080353;0.114239;0.161888;0.225911;0.306752;0.401483;0.502987;0.598372;0.670874;0.713450;0.735176;0.747908;0.757942;0.767479
192,UAAAUAAUUAGCAGGAGGGAAUAGACUUUUUGCAUGAUAUUUUUUU,46,12,18,2,0.58,7,0.9324597794339731,0.6010623220980745,0.8415783197832142,0.05133797082358699,73.19692897675037,0.05959379868690268,0.0,5.135825888131339,0.017715;0.022226;0.028308;0.036682;0.048458;0.065313;0.089693;0.124876;0.174591;0.241902;0.327694;0.430370;0.546718;0.665905;0.761256;0.817258;0.845870;0.861607
193,AAAAUUAUUAGCAGGAGGAAACGGGCUUUUUGCAUGAAAUAAAUUU,46,12,18,2,0.541,7,0.862442814933609,0.6544135554761562,0.834682404711408,0.03971673769048806,71.04743619705418,0.04005465134977826,0.0,5.099016854124751,0.040532;0.051311;0.065708;0.085000;0.110767;0.144774;0.188637;0.243235;0.308051;0.380867;0.458399;0.537833;0.617942;0.696683;0.765197;0.812277;0.838661;0.853109
194,AUUUAUUUUAGCAGGAGGGCGUUUAACUUUUUGCAUGUAUUUAUUAA,47,12,18,2,0.58,8,0.9333667474787588,0.6436516644754138,0.7908646961184304,0.05678417531650229,71.96254397338625,0.05678417531650229,0.0,5.211122233827414,0.012329;0.016014;0.021314;0.029184;0.041197;0.059864;0.088926;0.133251;0.197621;0.283976;0.388559;0.502127;0.612269;0.702369;0.757842;0.782990;0.792786;0.796818
195,AAAAAUUUUAGCAGGAGGCUAAGCUGCUUUUUGCAUGAUAAAUUUAU,47,12,18,2,0.45,8,0.929815384334916,0.657907886730333,0.7781111825890187,0.06027999457753283,71.47360459895368,0.06027999457753283,0.0,5.24164118105449,0.011977;0.015888;0.021632;0.030268;0.043463;0.063765;0.094834;0.141391;0.208443;0.299180;0.411171;0.531731;0.638120;0.711179;0.750601;0.769238;0.778978;0.786118
196,UUUUUUUAUAGCAGGAGGACGAUGAAGCUUUUUGCAUGAAUAAAAUAU,48,12,18,2,0.58,9,0.9250298686171425,0.6418387395794581,0.8579805178619447,0.052624882899315384,72.44536466414377,0.05912680274771828,0.0,5.273046264362838,0.014877;0.019748;0.026675;0.036667;0.051214;0.072421;0.103011;0.146034;0.204083;0.278339;0.368417;0.473667;0.591921;0.708162;0.793606;0.839587;0.861398;0.872957
197,UAUAAAAAUAGCAGGAGGUAGUACAAUCUUUUUGCAUGAUUUAUAUAA,48,12,18,2,0.58,9,0.8963966443394596,0.6027003612819847,0.8261895645581673,0.042825604904540265,72.94870797228018,0.05299229768582381,0.0,5.011481138980286,0.031210;0.039670;0.050662;0.065013;0.083805;0.108391;0.140326;0.181173;0.232179;0.294046;0.367221;0.452872;0.552224;0.658208;0.747497;0.802694;0.830767;0.845108
198,UAUAAUUAAAGCAGGAGGCAAUUAACUUUUUGCAUGAUAUUAAAUU,46,12,18,2,0.492,7,0.7855537032691098,0.7133007917228282,0.8235152835480272,0.03135251243450471,67.87639200271146,0.0354609479648518,0.0,5.071692756766764,0.069598;0.088341;0.113029;0.145112;0.185919;0.236232;0.295737;0.362586;0.433461;0.504383;0.572020;0.634725;0.692231;0.743157;0.783090;0.809380;0.825332;0.835834
199,UUUUUUUAUAGGCAGGAGGCCGCGGCACUUUCUGCCAUGUUUUUAAUUA,49,13,19,3,0.553,8,0.9290617835882761,0.5874800655986139,0.8120825738369821,0.05507198548762182,73.40527364031273,0.06584772904831032,0.0,5.058975566678354,0.019274;0.025284;0.033182;0.043500;0.056892;0.074173;0.096448;0.125441;0.164251;0.218589;0.297322;0.407466;0.539161;0.659927;0.743366;0.790563;0.815608;0.830077
